sequence_name	sequence	hmmer_seq_score	stat_energy_scores	min_natural_ham_dist	max_natural_ham_dist
seq62	LLFHGPPGTGKTMLCKALCQKLSKRKIEVDPHYIFSKWFGESKKNVHSMFSFIQALAWPSVVWIDEVEAIALSRQNNEKVDTIRVVNFLLTKCDKLHKDRNNVLWLATSNQGPKIDPAFL-DRADRVFYVG-	114.4	288.9389572833603	0.3712121212121212	0.8560606060606061
seq61	LLFHGPPGTGKTMLCKALCQKLSDRKIEVPPHKIFSKWFGESPKNVHSMFSFIQALACPSVVWIDEVEAIAISRRNNEKVDTIRVVNFLLTKCDKLTKDPNNVLWLATSNQVLIIDPAFL-DRADRVFYVG-	114.1	293.38983838339533	0.3712121212121212	0.8636363636363636
seq79	LLFHGPPGTGKTMLCKALCQKLGIRLIELTTHRIFSKWFGESGKNVSGVFTQIEALLSIPVVLSDEVESIAKSRSSNEHFDASRVVNQLLTLLDWLNKTDNNSLFLCTSNLLEALDKAFF-DRADLIFNIG-	113.9	319.99964584364176	0.3333333333333333	0.8712121212121212
seq78	ILFHGPPGTGKTMLCKWLCQKLGIRLIELNIHRIFSKWFGESGKNVATVFTVIEALLHIDVVLSDEVESIAKSRAKNEHTDASRVVAQLLTLLDWLNKTKNNFLFLATSNLLEYLDTAFR-DRADLVKVIS-	111.3	304.51247794132985	0.3560606060606061	0.8787878787878788
seq44	PLFHGPPGTGKTSLPKALAQKLSCRIVEVDYSSIFSKWFGESSKNVQQLFQRIDEMLGKYVVCIDEVEAIASSRSGNERPDLIRVVNSLLTTLDWLISQAHNTLFLATSNYIEELDMAFV-DRADLVQFVG-	111.1	293.23252478566667	0.3484848484848485	0.8560606060606061
seq64	LLFHGPPGTGKTILCKALCRKLAIRLLELDAELIFSKWFGESAKNVVKKFWNIEMLLLPCVIQMDEVEAIAGSRHWNERRDARRVVNALLTLLDKLSKN-NNILLLWTSNLPWALDPAFV-DRADLVFFVH-	111.0	299.82055542191165	0.3712121212121212	0.8712121212121212
seq102	LLLHGPPGTGKTTLCKALCQKLSIRMVELNPHSIFSKWFGESGKNVGALFTWIEAHLDWMVVFMDEVEAIAPSRASNETSDAMRVVNQLLTLLDTYQMK-PNGRYLATSNLVWCLDKAFA-DRADKVRKVG-	109.2	296.31797748113195	0.3787878787878788	0.8712121212121212
seq51	LLFHGPPGTGKTMLCKALCQKLSTRWIEFDPGKIFSKWFGESPKNVHDVFGFPELPIEPLVVIIDEVEAIAGSRSDNEARDTIRVVNFLLTMLDGLGKEPNNVLFLATSNLSSHLDQAFL-DRADGVFFVG-	108.8	292.52061242460337	0.3409090909090909	0.8787878787878788
seq71	LLFHGPPGTGKTMLCKALCQKLNIRVIELDASAIFSKWFGESAKNVDSAFAYIEALLDPCVMYGDEVEAIAMSRSRNERTDDRRVVNALLTCLDDLTTL-NNFLPLATSNLLWELDFAFVSDRADQIFFVE-	108.7	291.0057725897288	0.3333333333333333	0.8712121212121212
seq50	LLFHGPPGTGKTMLCKALCQKLSIRDIEFDPGKIFSKWFGESPKNVHQLFEFIEYLLS-LVV-IDEVEAIAGSRSDNEPSDTIRVVNFLLTCLDELHKE-NNALFLATSNLSDHLDQAFV-DRADQVFFVG-	108.6	306.65166638755494	0.3106060606060606	0.8863636363636364
seq204	VLLGGPPGTGKTCLCRALAQNLHLRVLEVCSHQHFSKWLGESEKEVRRLFQKINECARLVCILFDEFEELCQKRSSNEPSDSHRVVNVLLTQSDGIEVY-NNSTCLATSNILDLIDEAFW-DRFDERFYVG-	108.0	282.727022601094	0.44696969696969696	0.8712121212121212
seq76	LLFHGPPGTGKTHLCKALCQKLHIRFIELQASRIFSKWFGESAKNVGSSFKIIEPLLIPCVIEDDEVEAIAMSRSRNENTDDRRVVNTLLTWLDLLRKC-NNFPFLATSNLPSKLDQAFV-DRADGVFFVF-	107.8	289.6391870821193	0.29545454545454547	0.8712121212121212
seq83	LLFGGPPGTGKTSLCKALCQKLSIRAIELNSSRIFSKWFGESGKNVQAVFDKIEALLNPVVVELDEVEAIALSRGKNERSDGSRVVNSLLTVLD-LQEC-VNVRFLATSNLVGDLDAAFL-DRADMRFFVG-	107.6	310.47373087314435	0.3484848484848485	0.8712121212121212
seq77	LLFHGPPGTGKTMLCKALCQKLNIRLIELTTHKIFSKWFGESGKNVATVFTLIEALLNIAVVLMDEVESIASSRSKNEHTDASRVVATLLTLLDFLNKYKYNVLFLCTSNLVLALDTAFF-DRADLIEQV--	107.6	315.1529433856877	0.3409090909090909	0.8636363636363636
seq56	LLIHGPSGTGKTMLCKALCQKLSVHLIEVDLHAIFSKWFGESPKLIWQVFSKIVSLNWPLVVLIDEVEAIAGSRSSNESPDYFRVVNCLLTSLDELRKSHNNALFLATSNLGPHLDMAFL-DRADRVQEVG-	106.9	294.66983611103643	0.3484848484848485	0.8787878787878788
seq111	QLLHGPPGTGKTELCKALAQKLSIKMIEIN-SSYFSKWFGESGKNVKALFDSIRSLISKVCIIWDEVESIAKSRSQNEDPDSKRVVNILLTYLDALPS--NNTFIITTSNLLQSIDTAFV-DRADIKQFIG-	106.4	316.60720623887767	0.4015151515151515	0.8636363636363636
seq82	LLFDGPPGTGKTSLCKALCQKLSIRLVELNPNYIFSKWFGESGKNVEAVFNLIENLALEVVVFHDEVEAIFSSRDKNEASDGKRVVNSLLTMWDQLQEY-DNFYFMATSNLVADLDAAFL-DRADGRFFVG-	105.7	303.04798225415414	0.36363636363636365	0.8636363636363636
seq5	ILLHGPPGTGKTSLCKALFQKLSIRMDEIDCSSLSSKWFGESGKLVKQHFDNIRHIKSFVFVLIDEVESLAYSRRSNEHSDAIRVVNAFITQIDGLLMYPVNILLLATSNILNSLDPAFL-DRADKVYYIG-	105.5	321.640650684072	0.3787878787878788	0.8636363636363636
seq60	LLFTGPPGTGKTMLCKALCTKLSARLIEWDVSKIFSKWFGESTKNVHQCFSFIQDLLLPAVVRIDEVEAIAGSRWDNESRDPVRSVNVLLTSLDELSQK-NNILQLATSNLGFPLDPAFL-DRADIVFFVG-	105.1	293.5766806329779	0.3712121212121212	0.8636363636363636
seq205	LLLHGPPGTGKTTLCKALCCKLSPRMLEMESSAIFSKWLGESTKLVQWLFSLINEKLNGVCLLIDEVEANQGSRSGNEPSDMIRVVNRLLTQEDSLEYK--NVLWLATSNRIDILDPAFI-DRADIKIHIGL	104.7	293.700906294297	0.38636363636363635	0.8712121212121212
seq75	LLFHGPPGTGKTMLCKALCQKTHIRVIELDASRIFSKWFGESAKNVGSVFKWIEPILTPVVIVGDEVEAIAMSRSRNERTDWRRVVNSLLTGLDLLRKR-NNFLFMATSNLPFWLDQAFV-DRADQVRFVD-	104.6	295.00074381390056	0.32575757575757575	0.8712121212121212
seq112	LLFHGPPGTGKTTLCKALSQKLSIRMIEINMSSIMSKWFGMSGKNVTPLFSDIRCLLSVVCIEHDEVESIAKSRSMNENTDMIRVVNQLLTGLDQLGSN-NNFFAITTSNLLEKIDKAFV-DRADIKRFIG-	102.2	312.10560305634556	0.3712121212121212	0.8560606060606061
seq18	LLLHGPPGTGKTSLCKALAHKLDIDEIEINSHSVFSKWFSESNKLVTGVFGSIEHLRGMVCVLVDEVEAITESRNGDEPGDHLRVVNAVLTQIDMLRDY-NNILCICTSNLPEALDEAFI-DRADYQYRVGW	101.9	316.9477657157559	0.3787878787878788	0.8787878787878788
seq84	LLMHGPPGTGKTTICKALCQKLSIRVVELNPWRIFSKWFGESGKLVARCFATIEEHLGLHFVFFDEVEQIARSRHKNEITDAVRVVNSLLTLLDKLLEH-LNPVILATSNLLNTLDRAFL-DRVDLKFFVG-	101.5	301.3269095534335	0.36363636363636365	0.8712121212121212
seq142	VLLHGPPGTGKTLLARALAQKMNMALFNIHSKAACSKWFSESGKNVSRIFMRIISLCTLMTVLDDEVESQTLSRNQNEPSDHRRVVNALLTQLDGLNNREPNVLFLCTSNLCKSLDEAFL-DRADMIQFVG-	101.5	293.97643707784	0.4393939393939394	0.8712121212121212
seq57	LLFHGPSGTGKTMLCKALAQKLSLRLIEVDSHKLFSKWFGESEKLIHQVNSFIVALLWPLVVLIDEVEAIAGSRSYNEGIDVTRVVNFLLTRLDELHKKWNNTLFLATSNLGPILDMAFL-DRADRVFFVG-	101.4	298.54770851120486	0.36363636363636365	0.8636363636363636
seq38	LLFHGPPGTGKTMLAKALAQKLSWRKVAVDPHRIFSKWFGESEKNVERTFQAIEEILRPVVVVTDEVEHIAASRSGNEYQDLTRVVNSLLTALDKLCSQ-NNSLWLATSNFKERLDQAFV-DRADGVFFVG-	101.1	297.94967414457295	0.3712121212121212	0.8636363636363636
seq183	ILLHGPKGTGKTSLCKALAQKLGWRYIEISCSCLFSKWFGESAKLIMKLFSQCEQLGCHVCVLISEVEHIAQSRVRNEPNDLIRVVKALLTNIDNLKNY-SNRIILATSNLTLSIDPAFV-DRADMVQTIG-	101.1	306.0435677569442	0.38636363636363635	0.8712121212121212
seq110	VLMHGPPGTGKTMLCKALCQKLSARQIEFNQHTMFSKWFGESAKLVQSAFARIRTLASFTCLEMDEVETIASSRSDNEPEDAIRVVNSLLTQLDMLQKY-SNSPALATSNAPQMLDWAFV-DRADNKAFID-	100.9	297.93010772714797	0.3712121212121212	0.8787878787878788
seq19	LLLYGPPGTGKSDLCKALAQKLSIHLLKIRSPSLFSKWFGESEKNVLEVFRSIKVLLHFVQILFDEVETVAESRSSNESSDNIRVVNALLTRLDHLKSLLNNSLVVATSNLELLIDVAFY-DRADQKQYIG-	100.6	308.81280646285677	0.42424242424242425	0.8712121212121212
seq92	LLLHGPPGTGKTTLCKALAQKLSIRSVELNPMSIFSKWFGESGKNVAKVFELIEELLRILFVCQDEVEALAPSRDKNETVDLGRVVNYLLTGIDALQNT-NNNYFLATSNFTWHLDKAFL-DRADLSFFVG-	100.6	305.1172826693798	0.3712121212121212	0.8636363636363636
seq74	LLFHGPPGTGKTMLCKALCQKTMIRVIILYASRLFSKWFGESAKNVRSVFQ-IEALLFPCVIQGDEVEAIAMSRSRNERTDDSRVVNSLLTSLDLLRKC-NNSLTLATSNLCQNLDQAFV-DRADYVFFVF-	100.5	289.74353232790577	0.3333333333333333	0.8712121212121212
seq29	ILFHGPPGTGKTELAKALAQKLSWRSVNPDPHRIFSKWFGESSKNVKLVFQAIQGMDALIVVVVDEVEDIAASRSGNETQDLQRVVNSLLTALDKLCSQANNVLLLSTSNFTEVLDQAFK-DRFDLVFFVG-	100.2	287.60703450028336	0.4166666666666667	0.8636363636363636
seq106	LLFHGPSGTGKTTLCKALCQKNRIRVLEWNASQIFSKYFGESGKNVYLVFDDIESLLVFVVVEVDEVEAIAISRCGNEHSDDMRVVNALLTPLDKLKNC-QNVYFLATSNLSEALDYAFL-DRADIVFFVG-	100.1	304.1807491974458	0.3712121212121212	0.8636363636363636
seq54	LLFHGPSGTGKTMLCKALCQKLSLRLIRGDPHKIFSKWFGESPKNITQVFSFIFALLWPLVVLIDEVEAIAGPRSDNESSDSIRVVNFLLTHLDELRKI-N-ALFLATSNLNHFLDKAFL-DRADVVFNVG-	100.1	301.78130049575276	0.3333333333333333	0.8939393939393939
seq109	LLMHGPPGTGKTSLCKALCQKIKKRCVEKQKADIFSKYFGESEKNVQECFKRIVTVALNNCLWFDEVESIAISRAGNEPTDADRVDNSLLTQLDELWKR-DNSLFLATSNTLDILDIAFL-DRADYLFFV--	99.9	277.7779821816073	0.3787878787878788	0.8787878787878788
seq45	LLAHGPPGTGKTHLSKALAQKLSNRIVEVHIPNIFSKWFGESPKNVTQVFQAIEERLMLFVVDIDEVEAIAQSRSGNEAQDKIRVVNSLLTLLDLLLKI-NNTLFLATSNHIHQLDAAFV-DRADGVGFVG-	99.8	290.4644120790766	0.3333333333333333	0.8636363636363636
seq63	LLFHGPPGTGKTKLCKALVQKLQIRMLELYAEKIFSKWFGESNKNVVSVFTEIEMLLETHV-YMDEVEAIAGSRSPNERRDALRVVNSLLTQLDKLNTT-NNFLLLQTSNLHQALDKAFV-DRADMVQFVK-	99.7	290.87206864287623	0.3560606060606061	0.8863636363636364
seq159	ILLHGPPGCGKTSLCKWLAQKLSIRLSEVPGHSLFSKWFSESGKSVAKLFDQIEELLSIVCNLIDEVEKIASARSGNEPSDSLRVVNPLLTQLDPLKRYSNNVLYLTTSNLTKTIDNAFC-DRADIVQYVG-	99.6	349.3788657198479	0.3409090909090909	0.8712121212121212
seq113	LLTHGPPGTGKTVLCKALCQKLSIRLIEQSEVRIFSKWFGESQKNVRQIFCRIATLLLFVVLQIDEVEAIASSRSNNELSDFIRVQNTLLTMLDRLFKY-NNVLILATSNLAYHLDKAFE-DRADQKFFVG-	99.5	302.42567400527736	0.29545454545454547	0.8787878787878788
seq93	LLFHGPPGTGKTTLCKALCQKLSIRSIELNHEDIFSKWFGESGKNVMKAFEFIEKLAHNKAVVYDEVEKIALSRLKNEHSDADRVVNFLMTELDELREG-ANLWFLATSNLVNTLDDAFL-DRDDLVFFVG-	99.3	292.09747684805114	0.3712121212121212	0.8787878787878788
seq81	LLFDGPPGTGKTSLCKALCQKLSIRYVELNPWTIFSKWFGESGKNVEAVFSSIRALLTPVVVNMDEVEAIFLSRKKNE-SDISRVVNSLLTMIDTLPER-VNLYFLATSNLPNLLDDAFL-DRADGRFFVG-	99.1	303.52783499938215	0.3787878787878788	0.8712121212121212
seq150	ILIYGPPGTGKTSLCKSLAQKTGCEFINIISFDLFSKWFGES-KNITKAFESIDQYLLTVIILIDFVEEIASSRSENEPSDANRVVNTLLTQLDAVKNYPNNSLVLATSNLYSSIDTAFK-DRADAKQHIG-	99.0	304.8264219368605	0.42424242424242425	0.8636363636363636
seq67	LLFHGPPGTGKTMLCKALCQKLSIRLLELPSSVLFSKWFHESFKNVDKVFTLIEKLLVPIHIWIDEVEAIAHARKRNER-DYRRVVNSLLTELDLLAKK-NNPLRLATSNLTQALDQAFL-DRADKSFFVD-	98.8	299.94497182367354	0.3560606060606061	0.8636363636363636
seq35	LLFHGPPGTGKTSLCKALVQKLNYRFVHTPAHKIFSKWFGESSKNVWRLFQYIEEILARVVVHFDEVESIAASRTGNEPADLKRVVNSLLTSLDRLYSR-NNELFLTTSNNGEYLDEAFVRDRADLVFFVP-	98.8	300.62245781988594	0.4015151515151515	0.8636363636363636
seq137	LLAHGPPGTGKTSLCKALCQKLSIRLQELDSHRLFSKWFSESPKNGTQLFAGIENLASLVCVLIDEVELIAASRGDNEPFDLIRVVNSLLTQLDDLKAYQSNVLLLGTSNLNQALDRAFL-DRTDLRFFVG-	98.3	326.0474357808695	0.3560606060606061	0.8636363636363636
seq94	ILIHGPPGTGKTTLCKALCQKLSIRDIELNPEQIFSKWFGESGKNVMKIFEEIEKLADRKFVVYDEVEKIAASRAKNEGSDCLRVVNHLCTNLDRLMET-QNLIFLATSNLVGTLDDAFL-DRADLVFFVG-	97.4	301.1716691798821	0.36363636363636365	0.8787878787878788
seq24	LLFHGPPGTGKTMLAKALAQKLSWRIVEDDPHRIFSKWFGESSKNVQRVFQQIEFILVKIVVFWDEVEEIAASRSGNEYQDLTRVVNKLLTALDLLKSA-NNVLFLWTSNCNEGLDLAFV-DRADLVFFVG-	97.3	294.78800756098065	0.3484848484848485	0.8560606060606061
seq48	LLVHGPPGTGKTELVKALGRKLSLRPVELDTHGIFSKWFGESEKNIVQIFKYIENILAKVCIFADEVEALANSRSENEYRDLIRVVNSLLTLLDKLLEV-NNILFIRTSNYLGRLDSAFV-DRADNHQFVG-	96.9	284.34086903545403	0.3712121212121212	0.8560606060606061
seq184	LLLHGPLGTGKTSLCKALAQKLGTRLIEISCDGLFSSWFGESPKLIMPLFRQQEQLLKLVCVLIEEVECVAISRRKNEPVDFIRVVDALLTLIDKLKNY-QNILFLATSNLTASIDPAFV-DRADVVQQIG-	96.5	310.0402058521774	0.38636363636363635	0.8712121212121212
seq149	VLIYGPAGVGKTGLCRELCHKLGHRLIELRSHSTFSFWTMENAKNIDNAFQTIHKLLNCVFLLIDEVEKIAASRFSNDPTDEIRVVNALLTQLDWIKAR-HNVLILATSNDESSIDPAFF-DRFDFVFQV--	96.5	279.6877262734721	0.4318181818181818	0.8636363636363636
seq138	LLFHGPPGTGKTSLCKALSQKLSIRLQEIRSHVIFSKWFSESHKNIGQLFAAIENLATLVCVLIDEVEDIAASRGYNEPCDLIRVVNSLLTQLDPLNVYKSNVLLLATSNLKQRNDDAFV-DRFDLIFFVP-	96.5	321.93976406655497	0.36363636363636365	0.8560606060606061
seq43	LLIHGDPGTGKTHLKKALQQKLSRRIVEVDITSIFSKWFGESMKNVPQVFQAIDEMLRPNVVWIDEVEAIASSRWRNEMQDLIRVVNQRLTHLDDLWKNAHNTLMIATSNLPEILDLAFV-DRADKVTFVG-	96.5	270.27569178063993	0.3560606060606061	0.8712121212121212
seq0	PLLHGPPGTGKTSLCKALAQKLSMRVIETQTGSLFSKWFGESGKLVNDTFMWIEKPNKPVFVLIDEVESLAEARSENEQSDAVRVVNALGTQIDVLGKSFPNPLGLPTSNLVWVLDIAFL-DRCDMVKHIG-	96.4	297.00134999020173	0.3939393939393939	0.8484848484848485
seq95	LVFHGPPGTGKTTLCKALCQKLSIRSIELNHESIFSKWFGESGKNVMKAFDMIEKLANYFFVEDDEVEAIASARQKNEVSDLSRVVNHLMTNLDSLQEQ-ANFVFLATSNLVNVLDDAFV-DRADLVFEVG-	96.2	295.17372814707414	0.3484848484848485	0.8863636363636364
seq120	LLFHGPPGTGKTELCKALCAKLSRRALEVTYHGIFDHWFGESTKNVSNIFDLIRDLLNFPCLVLDEVEAIAQSRSGNESGDGIRVVNALLTCLDRLYAQWSGSLILATSNQLLALDSAFV-DRMDSISFFG-	96.1	287.526960651698	0.3712121212121212	0.8712121212121212
seq192	LLLHGPKGTGKTSLCKALAQKLTARFIEISCMSLFSKWFGESMKLVGGLFYQVHQRLGLVCVLIQEVEKSAGSRQTNEPSDIIRVVHALLTGIDCLKEY-SNILILATSNLKNSIDDAFV-DRADVVQNYG-	96.0	305.136449691886	0.3787878787878788	0.8787878787878788
seq124	LLFHGPPGTGKTESCKALAIKLSIRVLEVAIHRIFSHWFGESSKNVSIIFYRIRALDNQCCLVLDEVEALAAARSDNETGDTIRVVNALLTWLDHL-GFINNGLFLATSNYLQQLDQAFV-DRADAIKFIG-	95.9	288.2497102335072	0.38636363636363635	0.8712121212121212
seq101	LLFHGPPGTGKTTLCKALCQKLSIRQIELNHHSIFSKWFGESGKNVGKLFTFIEALLDTHHVQFDEVEAIAMSRASNEHSDSMRVVNSLLTGLD-RWAK-PNFICLATSNLEGHIDHAFM-DRSDQVFKVG-	95.9	294.98695744048314	0.36363636363636365	0.8712121212121212
seq26	LLHHGPPGTGKTMLAKALAQKLSWRKVHDDPHRIFSKWFGESAKNVDRVFQAIEEALVAIVVIMDEVEDIAASRSGNELQDYSRVVNSLLTLLDIICSGTNNWLFLATSNFYEQLDAAFV-DRADDVFFVG-	95.9	282.4677612526703	0.3787878787878788	0.8712121212121212
seq176	ILLHGPTGTGKTSICRALAQKLGSRYIEISSSRLFSKWFGESWKLIYKLFDQVEQLLRFVCVLIAEVEAIAQSRMNNEPNDSIRVVLALLTLIDSLKNY-KNRLILCTSNLTSSIDMAFL-DRAD-VQKIG-	95.7	317.60582412553373	0.4015151515151515	0.8712121212121212
seq178	ILLHGPKGTGKTSLCKALAQKLGFRRIEISCSQLFSKWFGESGKLIARLFSQLQQLLVFVCVLIAEVETIAQSR-RNEPNDSIRVVTALLTSIDNLKTY-SNRLILCTSNLKSSIDMAFV-DRAD-VQKIG-	95.6	316.1486547308732	0.38636363636363635	0.8560606060606061
seq189	LLLHGPKGTGKTSLCKALAQKLGARQIEISSSNLFSKWFGESMKLVGTLFYQVHQELCCVGVLIEEVEKHAQSRRANEPNDEIRVVFALLTLIDALKNY-SNILILATSNLTSSMDDAFV-DRADMVQYFG-	95.4	301.96137675332295	0.3939393939393939	0.8712121212121212
seq123	LLFHGPPGTGKTYLCKALAEKLSIRVLEVAEYEIFSIWFGESSKNVSRIFDWIRTLDNAHCLVKDEVEAKAASRSDNEGGDLIRVVNALLTWLDHL-GSIN-FLFLATSNYLDLLDAAFV-DRADIIFFVY-	95.4	281.19587101404596	0.3712121212121212	0.8560606060606061
seq157	ILPHHPPGTGKTILCKVLFQKLSWRHVEIKSNRIFSKWFGESEKNIRKIFNEINKSWQVVFVLIDEVEYLAPSRSRNEPSDSVRVVNAKLTQLDCLKVYKNNMLVLATSNLPMSIDPAFV-DRFDLKQYIG-	95.3	309.2022040284473	0.3939393939393939	0.8787878787878788
seq99	LLFHGPPGTGKTMLCKALCQKLSIRMIELNAHSKFSKWFGESGKNVGALFTVINAEVDRWHVKMDEVEAIATSRAFNEHSDSDRVVNQLLTLLDTRQGR-PNFRYLATSNLLTHLDLAFT-DRVDSVFMVG-	95.2	285.18352122721535	0.38636363636363635	0.8863636363636364
seq15	ILPHGPPGTGKTMLCKALWQKFSFQLIEINAHSIFSKWFGESAKLV-KLFSI-RIMKKCNVVLVDEVE-LATSRAGNESTDAIYVVNGLLTQLDSLRCMNNNVLWIWTSNKTDLIDVAFL-DRADLIIEIP-	95.2	298.1381730375808	0.4318181818181818	0.8787878787878788
seq96	LGFHGPPGTGKTTLCKALCQKLSIRSIELNHESIFSKWFGESGKNVMKAFDQIEKLANYTFVKVDEVEAIAMARQKNEWSDVCRVVNHLMTTLDQLLEI-ANMVFLATSNLVNTLDDAFV-DRADLVFEVG-	95.1	293.08137490149136	0.36363636363636365	0.8863636363636364
seq13	VLKHGPPGTGKTLLCKALIQKLDIAPVYISSSSIFSKWFGESAKLISSVFHGIEFLSGI-CVNMDEVESLAGSRNSNETKDSIRLVNQLLTQLDALAKSVNNSYGITTSNLLKDIDTAFV-DRADAKQFIG-	94.9	294.7975094483548	0.4090909090909091	0.8712121212121212
seq180	ILFHGPKGTGKTSLCKALAQKLGARVIEISFSCLFSKWFGESWKLILKLFDQMEQLYF-VCVLILEVESIAMSRRRNEPLDPIRVVGALLTQIDNEKKY-SNRIILATSNLTRSIDDAFV-DRADMVQFIG-	94.7	306.82773947709006	0.3787878787878788	0.8636363636363636
seq174	LLLHGPVGTGKTSLCKALAQKLGINYIEISISDIFSKWFGESDKLIDKLFDQSIQLVFFVCVLIVEVEDIAVSRMRNEPLDTIRVVQALLTQIDKLKNY-ENGLILATSNLTSSIDDAFM-DRADAIQIIG-	94.6	310.81304482547193	0.38636363636363635	0.8712121212121212
seq27	LLVHGPPGTGKTMLAKALAQKLSWRKVMWDPHRIFSKWFGESSKNVFRLFQAIEEILETIVVVWDEVEDIAASRSGNEYQDLTRVVNSLLTKLDKLASTTNNILFLATSNK-EQLDQAFV-DRADGVFFVG-	94.4	288.8826996299225	0.3560606060606061	0.8712121212121212
seq73	LLFHGPPGTGKTMLCKALCQKLHIRRIELDASRIFSKWFGESAKNVGMVFK-IEALLQPCVI-GDEVEAIFMSRSRNEPTDFHRVVNSLLTPLDTLWKC-NNFLFLATSNLMQNLDLAFV-DRADQVFFVF-	94.4	291.45249237674665	0.30303030303030304	0.8787878787878788
seq172	LLISGPPGTGKTSLCKQIVTKSAPSLVEVISWSTFSKYFSESEKLVQKLFQQIHTFKSNVVLLVDEVETLACPRAMNEPSDYKRVVNTLLTQLDCLKPKKNNILVLATSNLKGAIDDAFL-DRADAVLFIG-	94.4	301.0556586007201	0.4621212121212121	0.8636363636363636
seq33	LLFHGPPGTGKTMLCKALAQKLSWRVLHNDPHRIFSKWFGESIKNVGRVFQAIEEIKDFIVVKCDEVELIAASRSGNETPDNHRVVNSLLTGLDKLWSQ-NNVLALTTSNFAERIDQAFVRDRADRVFFVG-	94.4	290.69076862004687	0.3787878787878788	0.8712121212121212
seq179	ILFHGPKGTGKTSLCKALAQKLGARVIEISCSPLFSKWFGESLKLICKLFDQMEQLYFFVCVLIIEVESIAYSRIRNEPDDLIRVVSALLTLIDNLKKY-SNPWILATSNLTRSIDEAFV-DRADMVQFIG-	94.4	308.9665561007144	0.3787878787878788	0.8636363636363636
seq52	LLFHGPPGTGKT-LCKALCQKLSWRWIEMDPSKIFSKWFGESPKNVHQQFGFIEYLLEPFVVWIDEVEAIAGGRSDNEAFDTIRVVNFLLTCLDELHKE-NNALFLATSNLDNLLDQAFVRDRADGVFFVG-	94.2	288.2253430921579	0.32575757575757575	0.8939393939393939
seq1	VLLHGPPGTGKTSLCKALAQKLSMRVVEMKTWSLFSKWFGESGKLVNNSFKWIEDPETYVFVLIDEVESLASARSENEKSDAVRVVNALLTQIDALKFQFPNPLDLPTSNIEWLLDSAFV-DRGDMVEYIG-	94.2	311.4155449164311	0.3484848484848485	0.8484848484848485
seq70	LLFTGPPGTGKTLLCKALCQKHNIRMIELDIDRLFSKWFGESEKIVLSTFTMIERYLYLMVISFDEVEALA-SRSRNEHADHARVLNAFLTGLDSLKKL-NNSSFLATSNLGQNLDGAFV-DRADTVFFVTK	94.1	274.95569555342644	0.3939393939393939	0.8863636363636364
seq55	LLFHGPSGTGKTMLCKALCQKLSLRLIVDDPHKIFSKWFGESPKNIHQVFGFIHALLFPLVVEIDEVEKIAAERSQSESSDSIRVVNKLLTHLDELHKY-N-ALFLATSNLSHFLDKAFL-DRADGVFMVG-	93.8	296.7199128526222	0.3409090909090909	0.8939393939393939
seq47	LLFHGPPGTGKTELVKALYQKLSLRPVELDPFGIFSRWFGESSKNVASIFKFIEEVLACMCITADEVEALANSRSENEISDGIRVVNSLLTLLDQLLEQ-NNHLFIATSNKLEALDPAFV-DRADMVQEVG-	93.6	289.3609455833694	0.3484848484848485	0.8560606060606061
seq185	LLLHGPYGTGKTSLCKALAQKLQARYIEISTSHLFSKWFSESEKLIWDLFDI-EQLLF-VCVLIAEVETIAFARFRNEPNDQIRVVDALLTLIDRLKNY-SNILFLATSNLTSSIDPAFL-DRADGVQVIG-	93.6	309.89446938623195	0.3787878787878788	0.8636363636363636
seq203	VLLYGPPGTGKTGLCRKLAQKLNLQCIEVTSHQPFSKWVGESTKMVALLFQKIMCQQKLLFLLFDEVEKTCQTRSENEESDSIRVLNELLTQ-DWLMYY-NNP-VLATTNILGDIDPAFM-DRFDYEFYVG-	93.5	270.03646775813627	0.4696969696969697	0.8636363636363636
seq115	LLTHGPPGYGKTGLCKALCQKLSIRWIELSENYIFSKWFGESSKLIRMLFCKINQLLEFVNL-IDEVEAIAKSRSHNESGDWIRVVNTLLTLLDTLNSY-NNHYFIATSNIAAVLDDAFF-DRADRKFFVG-	93.5	286.66656015383063	0.3181818181818182	0.8636363636363636
seq154	ILIYGPPGTGKTSLCKRLDQKNTAKYITICSHTLFSKWFGESPKHIRKAFDPIQYDQTAVLILIDIVEHIAGSRSANEPKDSIRVVNTLLTQLDQICS-KNNVLVLATSNLLHWIDVAFV-DRADLLIYID-	93.3	290.26788799063036	0.4318181818181818	0.8787878787878788
seq132	LLFHGPPGTGKTMLCKALAQKLSIRDLEVTFDNIFSKWFGESPKNVSQLFDKIKHLLYCWCLRLDEVEASATSRSSNEDGDSIRVVNSLLTGLDDLTDYENNPL-KATSNMLTALDSAFV-DRADQVFQFG-	93.2	293.37378593272103	0.3560606060606061	0.8712121212121212
seq72	LLFEGPPGTGKTMLCKALCMKLKIEQIELPASRNFSKWFGESAKNVITAFTLPESLLQKRVMVRDEVEAIVMSRSSNE-RDDRRVVNALLTFLDPLGKL-NNFLFLATSNLSKNLDNAFV-DRADCCFFVY-	93.1	266.33505717485394	0.3787878787878788	0.9015151515151515
seq155	ILIYGPPGTGKTSLCKSLDQKNPANYITICSHTLFSKWFGESPKHIRRAFDPIQEDSTSVLILIDIVEHIAHSRSANEPCDSIRVTNTLLTQLDQICSEKNNVLVLATSNLLWWIDIAFV-DRADLLIYID-	93.1	289.50482148416404	0.44696969696969696	0.8712121212121212
seq23	ILNHGPPGTGKTMDAKALAQKLSWRIVEPRPHSIFSKWFGESSRNVVRVFSLIEAIEHIHVVFWDEVEAIAASRSGNECGDSKRVVNMLLTHLDILKSSPNNFLAQATSNFAESLDEAFV-DRADLVFFVG-	92.9	290.9788757382369	0.36363636363636365	0.8636363636363636
seq17	WLCHGPPGTGKTSICRSLAQKLRRVFTEINPPSLFSHWFGESSKNVTQVFADIRDLGDAVEVLLDEVESIALQRKSNEPADNIRVVNALLKQLDSLKEKTNNPLNLMTSNLREAIDEAFD-DRADDICYIG-	92.8	292.1043795679909	0.42424242424242425	0.8787878787878788
seq46	LLKHGPPGTGKTDLCRAIAQKLSFRVVELDISRAFSKWFGESSKNVIQVFQHIEEILFFTAVDQDEVEAIASSRSGAEHQDVIRVVNVLLTELDKLLKQNNNTLWLATSNYLCCLDWAFV-DRADGVFEVG-	92.8	281.201308818679	0.3333333333333333	0.8636363636363636
seq10	LLNHGPSGTGKTSYCQTLCRKLKIYLIEINCHSIFSKWFGESEKNVERIFRKIEDMKNSVCLLFDEVEKIAASRYGNEPSHANRVVNRLLTQLDSLKFC-NNSLILTTSNKT-AIDMAFH-DRADTVQ--D-	92.7	302.5390431134582	0.4166666666666667	0.8787878787878788
seq41	LLTHGPPGTGKTELAKALAQKLSIRLVEYPMHSIFSKWFGESSKNVAKCWEAIEGELRYIFVRRDEVETIASSSSGNEGKDTARVVNSLLTQLDDLTKM-NNSLFLATSNNMEFLDFAFV-DRADLVFFVG-	92.2	291.8862196180964	0.36363636363636365	0.8636363636363636
seq146	LLIYGPPGVGKTGLCKLLAQKIIKPLIELNSHSDFSKWFGEATKNISSDFAIVDELLSL-FLLIDEVEKIAKARSDNEPSDVIRVVNALLTGLDMIKRP-HNVLILATSNLHSSIDSAFV-DRHDIIFYVP-	91.9	297.4497763601313	0.38636363636363635	0.8636363636363636
seq91	LLLHGPPGTGKTTLCKALAIKLSIRSVESNTESIFSKWFGESGKNVLKVFECIEKLLRNPFVLLDEVEKIAYSRTKREIIDTFRVVNHLLTHLDRLNSL-LNAAFLATSNLTKQLDKAFL-DRADLLFFLG-	91.6	295.2211705790604	0.38636363636363635	0.8636363636363636
seq107	LLGTGPSGTGKTTLCKALAQKLSIRFIELNLTFMFSKWFGESGKNVMNVFEQIEALLEFPVVSCDEVEARALSRKSNE-SDLMRVVNSLLTFLDALCNV-QNVIFLATSNLVGGLDIAFL-DRADIVFFVG-	91.6	292.7195538537722	0.3787878787878788	0.8787878787878788
seq105	LLFHGPPGCGKTLLCKLVAQKLSIRIIEVNPSEIFSKWFGESGKNVRPVFAFIEALLTILVVEEDEVEAIALVRCKNEGSD-IRVVNCLLTFLDEIREH-QNFYIYATSNLYSVLDCAFL-DRADEVFFVG-	91.3	285.7773076085818	0.3787878787878788	0.8712121212121212
seq145	LLIYGPPGVGKTGLCKLLAQKIIKQLVELNSHSDFSKWFGEATKNISSDFAIVDELLSL-FLLIDEVEKIAKARSDNEPSDVIRVVNALLTGLDMIKRP-HNVLILATSNLHSSIDSAFV-DRHDIIFYVP-	91.3	296.9976915313515	0.3939393939393939	0.8712121212121212
seq206	ILLHGPPGTGKTSLCKALKLKLSGRMLEYESSQIFSKWIGESAKLVMWLF-LINEKLNGVCLLIDEVEALQMSRSGNEPSDMIRVVNRLLTQEDSLCYR-WNVLWLVTSNLIDLLDPAFI-DRADIKIHIGL	91.2	295.9740204918351	0.4090909090909091	0.8712121212121212
seq28	LLFHGPPGTGKTMLAKALAQKLRWRKVHDDPHRIFSKWFGESSKNVSRVFQAIHEIPAIIVVV-DEVEDIAASRSGNEYQDLTRVVNSLLTALDKLHSQENNQLLLSTSNA-GPLDQAFK-DRADLVFFVG-	91.2	280.2583533177356	0.38636363636363635	0.8636363636363636
seq80	LLFKGPPGTGKTTLCKALCQKLSIRSIELNPGRHFSKWFGESEKNVTNVFCFIEALLEPVVVYSDEVEAIALSRLKNERSDVMRVVNSLLTCLDYLPEC-QNFYFLATSNLVRHLDAAFL-DRADGVFPVG-	91.2	286.4548757075969	0.3333333333333333	0.8787878787878788
seq108	LLFHGPPGTGKTMLCKAL-WKLSTRVIEIKTPTLFSKWFGESEKNVRQQFAVIRATAACCCLWMDEVCSIAMSRSDNEPKDAFRVLRQLLTQLDQLAK--C-HKNLSTSNATYRLDKAFV-DRADEKFYVG-	91.2	270.716173633357	0.4166666666666667	0.8712121212121212
seq117	LLFFGPPGTGKTTLCKALAQKLSIPRLPWWCHFVFSKWFGESSKLVRHMFEFIMVLAIPPCLILDEVEAVAASRATNEPEDSIRYVNSLLTQLDYLNKFKNIPITLYTSNHMCALDKAFI-DRADYIFYIG-	91.0	280.63949946701524	0.42424242424242425	0.8712121212121212
seq158	ILLHGPPGVGSTSLCRNLAQKLSIRFWELCCHSLFSKWFSESGKAVSKLFDDIEFLFGDVCFLIDEVEQIASSRSSNEPSDAIRVVNWLLTQLDWLKRY-NNVLTLTTSNLTPCIDEAFW-DRADDVQEIG-	90.9	329.7349514776957	0.36363636363636365	0.8712121212121212
seq103	LLFHGPPGTGKTTLCKALCQKLSIRMIELNPDSIFSKWFGESGKAVGAVFTFIEAELDQH-VKMDEVDAIAPSRADNEHSDSMRVVNSLLTLLDTYQMK-INFRYLATSNLELNLD-AFT-DRQD-VFKVG-	90.9	273.6956841405454	0.3712121212121212	0.8787878787878788
seq88	LLLHGPPGTGKTLNCKALCQKLSIRSVELNTEAIFSRFFGESGKPVQNVFDPIEFLLSPLFV-NDEVESIAKSRKKNEHSDAVRVVNSLLTLLDTLLEC-KNCYFLATSNLVNTLDDAFL-DRADLVFFVG-	90.7	296.50365167619026	0.38636363636363635	0.8787878787878788
seq90	LLLEGPPGTGKTTLCKALAQKLSIRSVELNPASIFSKWFGESGKNVLKNFESIEQLLRIHFVLLDEVEAIAVSRTKLEIVDTLRVVNYLLTHLDKLYKT-LNAYFLATSNLTWYLDKAFL-DRADLSFFVG-	90.7	303.0118940700304	0.3560606060606061	0.8636363636363636
seq14	ILHHGPPGTGKTALCKALQQKLDIRPVEINSHTIFSKWFGESAKNPWMVFQGIEAERNNVCVM-DEVESLAHARSPNELDDSIRVVNQLLTQLDNLKMTHNN-ITRTTSNLLDIIDIAFE-DRADMKQRIG-	90.7	293.5248909783539	0.4166666666666667	0.8712121212121212
seq4	ILLHGPPGTGKTSLCKALAQKLSSRPGEISPSSLFSKWFGESGKLVKWSFDEIRFIKTHVFVLIDEVESLAMSRCENEHSDAIRVVNAVLTQIDLLCKY-RNILLLTTSNIFKALDTAFF-DRADWVYYIG-	90.5	326.4869780945064	0.3409090909090909	0.8636363636363636
seq156	ILLAGPPGTGKTSLCKKLYQKKDYNFITIHSHCLFSKWFNESTKEIDKVFDMIRNILTVVIILIDNVEFIASSRNRNEPSDSLRVVNELLTQLDYLRNY-NNTLELTTSNLPHIIDMAFF-DRADFKQYIP-	90.2	296.8851028719755	0.44696969696969696	0.8787878787878788
seq162	LLI-GPPGTGKTLLCKQLTFKLNYSYVEVPSTSMFSKIFFESSKNIQKMFFQIDMAKADVW-LVDEVEKIAGSRTYNEPSDNKRVVNTLLTELDNLKP--NNFLVLATSNLKGGPDDAFI-DRADAVQRI--	90.2	268.51824005524145	0.4393939393939394	0.8712121212121212
seq151	ILIYGPPGTGKTSLCKSLAQKTGREFINIISFDLFSPWFGES-KSITKAFEHIDSYLHTVIILIDFVETIAESRSENEPSDSRRVWNELLTQLDAVKNYPNNPLVLATSNLESLIDTAFK-DRADAKGHIG-	89.9	291.40607650656057	0.4696969696969697	0.8636363636363636
seq121	LLFHGPPGTGKTELCKALCYKLSSRVLEIQYHKMFK-WFGESSKNVINIFRLIRRLYDPICLRLDEVEAIAQSRSGNESGDGVRVVNALLTGLDVLNGAHNFMLFLVTSNTALALDQAFV-DRADLTFFFK-	89.9	268.7715611598128	0.4015151515151515	0.8560606060606061
seq160	ILLVGPPGWGKTSLCRHLAQKLD-RDCELNTHSLFSKYFSESGKFLGKIFDCIENDAQSVCYLIDEVEELAASRSGNEPSDAIRVVNVLLTQLDSLKRY-NNVLILTTSNLKKSIDPAFL-DRADIVQYIG-	89.9	341.3752036371697	0.3484848484848485	0.8560606060606061
seq40	LLFHGPPGTGKTQLAKALAQKLSSRLVEDD-HKLFSKWFGESGKNVMRVFAWIETRLGPGVVVIDEVETIAKSRSGNESIDLVRVVNSLLTQGDELRG---N-LFSATSNKPEQLDVAFL-DRADIVEFVG-	89.5	301.6300487103396	0.38636363636363635	0.8636363636363636
seq202	VLLVGPPGTGKTLLCRALAAKLNLRQIEVISHQAFSKWLGESRKHVADLFEKIIEEIELVTSLFDEVESDCDERSENEISDSIRVVNQLLTQCDGLKKY-NNQTALATSNILE-IDPAFW-DRFDYLFYVG-	89.4	281.891378482792	0.42424242424242425	0.8636363636363636
seq201	VLLVGPPGTGKTLLCRLLAQKLPPAPIEVVSHDGFSKWLGESFKHVAALFDTIEETVSLRCMLFDEVEWLCGKRSENELSDSIRVVNTLLTQPDQLIGY-NNRHIIATSNLLDQIDPAFK-DRFDYCFYCG-	89.3	278.1355552721625	0.44696969696969696	0.8636363636363636
seq175	ILLHGPGGTGKTSLCKALAQKLGWRLIEISCSGLFSKWFSESWKLIMKLFDQ-EFLLFLVCVLISEVELIARSRMRNEPMDNIRVVMALLTLIDNLKTY-SNILILATSNLTGSIDMAFL-DRADAVQVIG-	89.3	319.86149941182157	0.3712121212121212	0.8712121212121212
seq6	-LLEGPPGTGKTSLCKALGQKLSSRNMEIDACSLFSKWFGESQKLVQAAFAWIDEYTDPVAILIDEVEALAHSRKMRPRTDAIRVVNAFFTQIDELGRDKPNILILATSNITLFLDCAFN-DRADQRGYIG-	89.2	281.56214718204126	0.4090909090909091	0.8636363636363636
seq122	LLFHGPPGTGKTHLCKALAHKLAIRVLEVAEHRIFSHWFGESSKNVHMIFDWIRTLLGPHCLVLDEVEATAASRSCNESGDLIRVVNALLT-LDGL-GFINMLLFLATSNMLELLDAAFV-DRADAIFFIP-	89.1	290.35306904192106	0.3787878787878788	0.8636363636363636
seq191	LLLHGPHGTGKTSLCKALAQKLSRRVIEISASSLFSKWFGESVKLVYGLFGQVKQILGLVCGLIFEVESSAGSRESNEPNDIIRVVHALLTGIDSLKLYPSNILILATSNLTNSIDDAFL-DRADEVQTFG-	89.1	312.159388755776	0.4015151515151515	0.8636363636363636
seq152	ILILGPPGTGKTSLCKGLAQKPYREFITIISAGLFSKWFGESAKLV-KTFEKINSYLHRVVLLIDYVEEIAMSRSENEPSDSNRVRNTLLTQLDRVKHYPNNPLVLATSNLESSIDTAFV-DRADVKQFIG-	88.7	303.68867527357656	0.42424242424242425	0.8863636363636364
seq114	LLVHGPPGQGKTHLCKALEQKLSIRSIEKSEEPIFSKWFGESSKNVPWLFTFIMTLLEKVVLQIDEVEAIAKSRSNNETSDYIRVVNTLLTLLDHLFKY-NNVLILATSNITQVLDAAFE-DRADRKFFVG-	88.7	296.57236971355576	0.3181818181818182	0.8863636363636364
seq139	LLLHGPPGTGKTSLCKALCQKLSICLQELLSHFLFSKWFSESVKNIYRLFAQIHNLASLVCVLIDEVEWLAASRSGNEPKDLIRVVNSLLTQLDVLNVYDDNVLTLATSNLMSALDLAFV-DRNDLRFFVG-	88.7	329.3536532055529	0.36363636363636365	0.8560606060606061
seq86	LLVHGPPGTGKTTLCKALCQKLSIRHVELNPVQIFSKYFGESGKNVQRFFVTIEELRHLLDLQMDEVEYIALSRKKNEDTDAVRVVNSLLTHLDQLLKI-TNLVLLATSNLILTLDLAFL-DRVDLVFFVG-	88.6	293.234587506837	0.3484848484848485	0.8636363636363636
seq98	LLFHGPPGTGKT-LCKALCQKLSIRMIELNIHSDFSKWFGESGKNVENLFTKIEAFVDRTHVKMDEVEPIATSRDFNERSDSMRVVNQLLTLLDDTQDK-PNFRTLATSNLLTYLDLAFM-DRVDSVFMVG-	88.4	281.84611938654587	0.38636363636363635	0.8787878787878788
seq128	LLFHGPPGTGATELCKALCTKLSIRDLEVQSHSIFSAWFGESSKNVRDIFKNIRELLSFHCLAGDEVEAVAGSRQTNESGDVIRVLNALLTCLDDLKGFENKHLFLATSNNLWILDMAFV-DRYDLIFAIH-	88.3	276.72725841962017	0.38636363636363635	0.8787878787878788
seq39	LLFHGPPGTGKTSLAKALAQKLSWRKVHDDPHRIFSKWFGESCKNVWRVFRAIEEILRHMVVVMDEVEDIAASRSGNEYQDLTRVVNSLLTLLDKLCSM-NNDLTLATSNFQEQLDQAFV-DRAEGVFFVG-	87.9	286.7884972068689	0.3712121212121212	0.8636363636363636
seq161	LLI-GPPGTGKTLLCK-ITHKLYPVRVEVDSNSCFSKYFGESPKNIQKIFEQIDHFRGMVVGLVDEVEKIATPRAPNEPSDNKRVVNALLTMLDCLKHS-NNFLVLATSNLKEAIDDAFI-DRADAVFFIG-	87.9	280.63561387062276	0.4393939393939394	0.8636363636363636
seq32	LLFHGPPGTGKTQLCKALTQKLSWDLVHDDMHRIFSRWFGESSKNVWRVFQAIEEISAHWVVL-DEVEDIAASRGGNEYQDLLRVVNSLLTFLDKLGSQ-NNWLFLTTSNF-EILDEAFMRDRADGVVFVG-	87.8	283.52064394659743	0.4015151515151515	0.8712121212121212
seq25	MLHHGPPGTGKTMLAKALAQKLS-RKVWDPTHRIFSKWFGESEKNVFRVFQQIEEILVKIVVTMDEVEDIAASRSGNEYQDYSRVVNSLLTCLDILGSQTNNDLFLATSNF-EQLDEAFV-DRADDVFFVG-	87.7	277.3251039714107	0.3787878787878788	0.8712121212121212
seq188	LLLHGPKGTGKTSLCKALAQKL-ARQIEISCSGLFSKWFGESMKLVGALFPQVNQEIWLVCVLIFEVEKMAQSRSENEPHDIIRVVWALLTCLDPLKRN-SNCLILATSNLDSKIDDAFV-DRADAVQRFG-	87.6	293.76569324248794	0.38636363636363635	0.8712121212121212
seq97	LLFHGPPGTGKT-LCKALCQKLSIRMIELNIHSTFSKWFGESGKNVGALFTFIEAEVGNFHVKMDEVEAIATSRAFNECSDSMRVVNQLLTLLDTWQGK-PNFPYLATSNLLTYLDPAFM-DRVDSRFMVG-	87.3	282.4468413217951	0.3787878787878788	0.8863636363636364
seq195	VLLHGPAGTGKTSLCRALAQKLCSRMIEISLSPLFSKWFGESEKLISKMFGKSPQLLSLVCILIWEVETIASSRLFNEPSDDIRVVNALLTFIDLLKQNNSNGLILATSNLTSSID-AFV-DRADKVQIIG-	87.3	309.2096998266958	0.36363636363636365	0.8787878787878788
seq143	VL-YGPPGVGKTYSCKHLHQKFSLNLIELNFHAGFSKWFGETVRHDSSWFQKIEKLLFGVCLLIDEVEKIATDRSSNEPTDGIRVVNMFLTSLDAFKQ--TNVLVLATSNLTGSLDPAFY-DRTDEVFYVG-	87.2	277.16740683635436	0.38636363636363635	0.8787878787878788
seq36	LLFHGPPGTGKTSLCKALFQKLSWRTV-EFEHRIFSKWFGESSKNVVRVFQAIEEILADLVVYFDFVEEIAASRHGNEYKDLTRVVNSLLTALDRLPDN-NNLLFLTTSNFREHLDQAFVRDRADEVFFVP-	87.2	278.9519966676408	0.38636363636363635	0.8787878787878788
seq20	LLLHGPPGTGKTSLCRAYCQKLSNTFIEICQESIFSKWFSESAKLYSKSFTVIVELIPCLCDGIDEVETIAASRIGNEPGDIVSVVNQLLLRLDQLKELSNNILVVATSNLKTRLDSAFY-DRFDIKIFVN-	87.0	281.5988363919669	0.4393939393939394	0.8560606060606061
seq190	LLLHGPQGTGKTSLCKALAQKLS-RVIEISASSLFSKWFGESVKLVYALFIQVKQILGLVCVLITEVESPAISRRKNEPNDWIRVVFALLTHIDSLKTY-SNILILATSNLTNSIDDAFL-DRADVVQRFG-	87.0	315.5883172944919	0.38636363636363635	0.8712121212121212
seq177	ILLHGPSGTGKTSLCFALAQKLISRMIEISSSELFSKWFGESHKLIVQLFDKNEDLARFVCVLILEVETIAMSRTRNEPIDAIRVVDAFLTLIDSLKHY-SNFLILCTSNLTSSIDGAFY-DRAD-VQFIG-	87.0	309.3279832619777	0.3787878787878788	0.8787878787878788
seq140	-LLHGPPGTGKTSLCKALCQKLSIRLDELLSHRVFSTWFSESHKMIYQLFAAIDNLAALVCVLIDEVEIIAASRNRNEPPDLIRVVNSLLTQLDVLMYYLHNVLLYATSNLTSALDLAFV-DRFDLRFFVG-	86.5	313.17643429322106	0.36363636363636365	0.8560606060606061
seq53	LLFHGPPGTGKT-LCKALCQKLSWRWIEKDPAIIFSKWFGESPKNVHQVFGFIEILLNMLFVRIDEVEAIAGSRDDNEAKDTIRVVNALLTCLDELHKN-NNALILATSNLSHQLDLAFV-DRADMVFFVG-	86.4	297.36930653670714	0.3106060606060606	0.8787878787878788
seq37	LLFHGPPGTGKTMLAKALYQKLSWRKVHDDFHRIFSKWFGESSKNVWRVFQAIEESLAHIVVV-DEVEDIAASRSGNEYKDLVRVVNSLLTALDRLFSQ-NN-LTLSTSNF-EQLDQAFV-LRADGVFFVG-	86.0	279.52710136177825	0.3560606060606061	0.8636363636363636
seq100	LLFHGPPGTGKTSLCKVLCQKLSIRMIELNPHSIFSKWFGESGKNVGALFLFISGILDMMMVKMDEVE-IATSRAVNEHSDSMRVVNQLLTNLDTRADL-PNFLMLATSNLEHKLDMAFM-DRVDQVFDVG-	86.0	283.6979071393857	0.38636363636363635	0.8787878787878788
seq31	LLFHGPPGTGKTQLCKALIQKLSWRKVHPDTHRIFSKWFGESSKNVPRVFQYIEEIKAHVVVFWDEVEDIAAARSGNEYQDMHRVVN-LLTMLDKINSQ-NNWLFLTTSNF-DILDEAFVRDRADMVYFVG-	86.0	278.201544404305	0.3939393939393939	0.8712121212121212
seq87	LLLHGPPGTGKTHLCKALAQKLSIRSLELNPEAIFSRFFGESGKIVLYVFDTIEELLSNLFVFNDEVESIAYSRKKNEHSDAVRVVNSLLTILDALLEC-RNCYLLATSNLVNILDRAFL-DRADLVFFVG-	85.8	304.4544011205823	0.38636363636363635	0.8560606060606061
seq168	LLLKGPPGTGKTKLCKQLTHKLAHS-VEVYSNSMFSRYFGESSKNIEKMFEQIHEFWKVVDQLFDEVEKIAAERHKNEPSDEKRVVNQLLTMLDCLKG--NNFLVLATSNLKGAPDPAFI-DRFDAVLDIG-	85.8	283.5732745176906	0.45454545454545453	0.8636363636363636
seq68	LLFHGPPGTGKTMLCKALFQKLSIRVLELQSRVLFSKWFSESGKNVGKVFTWIELLLNLIYM-IDEVEADAAARGDNEGCDL-RVVNSLLTFLDFLASS-NNKLLLATSNLTDHLDPAFQ-DRALQSFFID-	85.4	288.8990564187756	0.3939393939393939	0.8712121212121212
seq11	LLFHGPPGTGKTSAC-ALAKKLDIRLYEITAISIFSKWFFESGKSVAKYFRDIIALLDLFCKLIDEVEHIAKSRANNEPEDAKRVANALLTALDHLKEY-NNVLVLFTSNITEVIDPAFL-DRADDVQYVCM	85.3	299.6329283345517	0.4015151515151515	0.8712121212121212
seq69	LLFHGPPGTGKTMLCKALFQKLSIRGLELDSPVLFSKWFSESGKNVGKVFTWIELLLNLIYI-IDEVEADAAARGDNE-LDLVRVVNSLLTELDHLAST-NNKLLLTTSNLTQALDPAFL-DRADPSFHID-	85.1	301.46213501323405	0.4015151515151515	0.8712121212121212
seq170	LLFLGPPGTGKTSLCKGLVHKLACPLCIVNSWSRFSKYFGESKKNVFKIFFQIKWQIWLVTALVDEVEKIATQRS-NEPSDLNRVVNTLLTALDCLQSKKNNLLVLATSNLKKAIDDAFK-DRADAVLLIG-	84.7	281.2503290980373	0.4696969696969697	0.8787878787878788
seq130	LLFHGPPGTGATELCKALCTKLQIRDLEVAVHSIFSAWFGESSKNVADMFRWIRELLKFHCLAPDEVEAIAYSRQKNESGDVIRVTNALLTCLDWLKGFENRHLFLATSNKLWHLDMAFL-DRYDLIGDIY-	84.5	271.2356464828064	0.4090909090909091	0.8712121212121212
seq104	LLFHGPPGCGKTTLCKPLAQKLSIRIIEVNPSEIFSKWFGESGKNVRPVFYFIEALLTILVVEQDEVEAITLVRCKNEGSDNIRVVNCLLTFLDEIREF-QNWYIRATSNLASVLDCAFL-DRADEVFFVG-	84.4	284.2483647942375	0.3787878787878788	0.8787878787878788
seq126	LLFHGPPGTGKTSLCKALNRKLSIRYLLVISHSIFSGWFGESSKNVMEIFDEIR-LLICWCLLLDEVEAIAQSRSWNESGDMGRVVNALLTGLD-L-DFFNDSLFLATSNMLLHLDRAFW-DRADLIAFI--	84.3	288.8029810674901	0.4015151515151515	0.8712121212121212
seq116	VLFAGPPGTGKTTLCKALAQKLSIRVLEVGCHDIFSKWFGESSK-VALRFRLIWDLLEPGCLILDEVEAVAPSRMNNEPSDIIRVVNSLLTQLDNLGKPFNDSGTLATSNFLMALDKAFV-DRAD-VYWFR-	84.1	279.5795832266812	0.38636363636363635	0.8712121212121212
seq197	VLLMGPPGTGKTTLCCMLAQKLGFRVVILNGHGTFSLFGSESGKTTHKLFTQIALRKE-VFLLIDEYEYASRARSENEHRDSIRVVNAALKELDRLKCYQDNFAIVTTSNLTPTIDSAFS-DRADTRLQIG-	84.0	257.5700107378403	0.4696969696969697	0.8787878787878788
seq42	LLTHGPPGTGKTYLARALAQKLSARLVEYDLHRPFSSWFGESSKNVLKEF-HIEGELGYIVVHWDEVETIASSSSGNEGNDTARVVNHLLTQLDKLTKK-NNSLELATSNIREDLDFAFV-DRADLVFFVG-	83.7	282.66322681310226	0.36363636363636365	0.8560606060606061
seq16	ILKHGPPGTGKTHICKALAQILQTPYVEIES-SIFSFWFGESGKCKRPIFKAIVTLCTKVCLLIDEVEKIAKSRGKNEVGDVIRVVNALLTQIDHLKYFEANPLIMCTSNLTGAIDSAFL-DRADAVQEIG-	83.7	296.25843691546135	0.4393939393939394	0.8636363636363636
seq12	LLRHGDPGTGKTLLCKALCQKLSVRLIEIISESIFSKKFSEQNKLLARLFKIIEALSSSTCILDDEVEAISPARAGNEPGDYVRVVNALLTGLDHLHRSENFVLLVCTSNWDDQIDAAFV-DRADMKQFVG-	83.6	284.7268791791959	0.4318181818181818	0.8712121212121212
seq127	LAFHGPPGTGKTELCKALQKKLSIRVLEVQHHSIFSKWFGESSKNVRAIFGRIRDLLNGPCLGFDEVEAIAVSRSDNESGDGLRVVNALLT-LDPLWDISNNALFLATSNILLFLDDAFV-DRADEKYFFP-	83.3	289.6437009181738	0.3712121212121212	0.8787878787878788
seq58	LLLHGPSGTGKTMLCKALEQKLSTRLIE-DIHEIFSKWFGESGKNVHNVFHIIRALLLPAVYEIDEVEAIAGSRGNGESVDVIRVVNTLLTHLDRLGKK-NNPLPLATSNLHDALDFAFL-DRADPKFDVG-	83.2	298.52416586184995	0.3333333333333333	0.8712121212121212
seq134	VLEHGPPGTGKTY-CKALFQKLSWRCIEINPHALKSKWFSESSKNVWYMFDMIEQLIFTAQILLDTVEALAGSRNRNETEDSIRVVNYFLTQLDDLKRN-NSHLMLATSNALQSIDKAFV-DRADEVINIG-	83.1	284.74740985227004	0.4015151515151515	0.8787878787878788
seq165	LLLYGPPGTGKTVLCKQIDLKLFTTGVEVQSNSCFSKYFGESSKNVSRYFFKIFIWKGYV-CLIDEVEEIAENRKSNEPSDNKRVVNTLLTIIDTLKH--NNPLVLATSNLRTAYDDAFL-DRDDAVLKIG-	83.0	270.7323351134882	0.44696969696969696	0.8863636363636364
seq118	LLLHGPPGTGKTELCKALAQKLSIRVLEARCHEIFSVWFGESSKRVAHIFWGIDQLLGYYCLILDEVEARACSRSCNEPSDVIRVVNSLLTSLDYLTGFWNMTLYLATSNMLHALDSAFV-DRADSVFPFG-	82.7	281.1341816866533	0.36363636363636365	0.8636363636363636
seq167	-LIGGPPGSGKTHLCKMLFHKLARKMVEVHPNSIFSKYFGESSKNITGMFENI-AHPWCPEALFDEVEKIAIVRATNEPSDRKRVVNTLLTMLDKLKF--NNFLVLTTSNLRKMPDPAFI-DRADAKIHIG-	82.6	266.9005933803015	0.4621212121212121	0.8712121212121212
seq89	LLLHGPPGTGKTHLCKALCQKLSIRSVELNPEAIFSRFFGESGKIVLLVFDTIEELLSHLFVHNDEVESIAYSRGKNEHSDAVRVVNSLLTLLDQLLE--KNCYFLATSNLVNALDLAFL-DRADLVFFVG-	82.4	309.7887420116753	0.3787878787878788	0.8636363636363636
seq21	VLLHGPPGTGKTTLCRQVSHKEGLLLIEIKF-SIFSKWFGESIKNVSELFRSIHDLESIVCVLIDEVEASAKSREGNELSDIKRVVNGLLQSIDVLMSY-NNGLIICTSNLREMLDSAFV-DVAFRVFMVM-	82.3	277.06612675992807	0.4393939393939394	0.8636363636363636
seq125	LLFHGPPGTGKTELCKALCRKLQIRPLLVTYHSIFSAWFGESSKNIM-IFDHIRDAANCMCLDLDEVEAIAPSRDDNEGGDGCRVVSALLTYLDGLTDFR-HTLALATSNMLGHLDSAFV-DRADLIEEFV-	82.1	274.96025443664547	0.4166666666666667	0.8636363636363636
seq164	LLIYGPPGTGKTVLCKQIGHKL-LTAVEVQSESCFSKYFGESSKNVSKYFILIFYWKGVVQCLIDEVETIAANRFSNEPSDGKRVVNALLTIIDELKS--NNPLVLETSNLPGAPDQAFL-DRFDAVKKIG-	82.0	275.4480167012107	0.4621212121212121	0.8787878787878788
seq187	DLLHGPIGTGKTSLCKALAQKLPRRVIELSPDPLFSKWFGESSKLVGALFHQVGQWLALVCVLIEEVEKEAESRNGNEPFDIIRVVWALLTHIDCLKAY-SNTLVLATSNLIFSIDPAFC-DRADHKQEFG-	81.9	294.2528141330929	0.4015151515151515	0.8712121212121212
seq85	LLSHGPPGTGKTTPCKALCQKLSIRMVELNPWQCFSKFFGESGKNVYRQFAKIEELLGLLFVV-DEVEFIALSRGKNEYTDAVRVVNQLLTLLDQLLEQ-FNLVLLATSNLLLQLDLAFL-DRVDLVFFVG-	81.2	290.28846571597353	0.36363636363636365	0.8712121212121212
seq141	LLAHGPPGTGKTSLCKGLCQKLSIRLLELLSH-IFSVFFSESVKNICQLFDSIQPIADLVFVLIDEVEAIAASRGNNEPRDSIRVVNSLLTQLDWINTYSNNHLLLTTSNFDGYTDQAFV-DRFDGTCFVG-	81.1	295.8415911503333	0.4090909090909091	0.8712121212121212
seq49	LLVHGPPGTGKTELAKALGQKLSKRVVELKLSGIFSKWFGESSKNNVAAFMFIEEILAEMCCDPDEVEAIASSRSENECQDLIRVVNSLLTALDRLLCD-NNGLFIATSNHLENLDNAFV-DRADLVCFVG-	81.0	280.4702538725124	0.32575757575757575	0.8560606060606061
seq144	LLHYGPPGVGKTHLCKHLCQKSNRKLIELRGHS-FSSWFGENAKNIMYTFKTIVNLLCLTFHLIDEVETIAISRSDNEPHDVIRVVNAGLTWLDPIKYS-QNVLILATSNLLSSIDTAFL-DRNDLVQYVG-	80.8	278.9873738717649	0.3939393939393939	0.8863636363636364
seq181	ILLHGPKATGKTSLCKALAQKLIIRIIEISCSCLFSKWFGESWKLIMRLFRENEQLGFFVCVLILEVEFLAQSRDRNEPNDLIRVVDALLTLIDNLKAY-SNRAILATSNLTSSIDSAFV-DRADCVQAIG-	80.7	298.2812364939195	0.38636363636363635	0.8712121212121212
seq147	LLVYGPPGVGKT-LCRQLAKKLNEQLIELRTHSSFSRWWGE-AKNIGVCFQEI-KLLAIVFLLIDEVEKIAKSRDDNEPCDMIRVVNALLTELDSIKQI-HNVLILATSNVYASSDDAFS-DRFDRKQ-P--	80.2	272.5022398077764	0.4318181818181818	0.8636363636363636
seq182	ILLHGPKGTGKTSLCKALAQKLISLIIEISTSCLFSKWFGESIKLITKDFEQDEQLGMFVCVLIVEVEVIAPSRHYWEPNDLIRVVSALLTEIDNLKKS-SNWCILATSNLTVSIDRAFV-DRADGVQQIG-	80.0	288.54621748619275	0.38636363636363635	0.8787878787878788
seq129	LLFHGPPGTGATFLCKALCTKLSIRGLEVQSHSIFSAWFGESTKNVAMIFRWIRELLKFHCLAPDEVEAVAGSRVTNESCDVIRVTNALLTCLDTLKGFTNKHLFLATSNMLWQLDMAFV-DRYDWIFDIA-	79.6	269.7102344569741	0.4015151515151515	0.8712121212121212
seq135	VLWHGPPGTGKTA-CKALAQKLSRRVIEINPHALKSKWFSESCKNVQRIFLCIENLLETTYIL-DTVEALAGARSRNEPEDSIRVVNIVLTQLDWLKSW-NGILMLATSNALQSIDGAFM-DRADVVFHIG-	79.4	292.8072433941765	0.4015151515151515	0.8863636363636364
seq34	LLFHGPPGTGKTSLCKALFQKLWDRKVRAHPHKIFSRWFGESSKNVWRIFQAIEEILHFLVVDFDEVEVIAASRTGNEFADLTRVVNSLLTSLDRLPSQ-NNELCLTTSNNGEHLDQAFVRDRADLVFEVD-	79.2	280.96454188266966	0.4090909090909091	0.8712121212121212
seq194	VLLHGPAGTGKTHLCRALAQKLCSRMIEISGEFLFSKWFGESWKL-MKMFDKHMQLLSLVCVLINEVETIASSRLENEPEDMIRVVNALLTAIDALKQH-SNGLILATSNLTHSID-AFV-DRADCIQIIG-	78.9	304.05086785270447	0.3560606060606061	0.8787878787878788
seq193	LLLHGPYGTGKTSLCKALAQKLPARVIEI-CSSLFSKWFGESGKLVGALFYQVRQELGLVCVLICEVEQCAMSRRRNEPNDIIRVVHALLT-IDWLKNY-SNILIMATSNLTSSIDDAFV-DRCDYVQFFG-	78.8	303.15763173226236	0.3939393939393939	0.8712121212121212
seq2	ILLHGPPGTGKTSFCKALEQKLSIRVVEIKEQSLFSKWFGESGKLVAHDFY-IEPIRKMVFVLIDEMESLAGSRSENEPSDAIRVVNAVHTQIDYLKMYTPNLATL-TSNIHWLLDNAFV-DRADSVQFIG-	78.5	305.69041352492445	0.3560606060606061	0.8712121212121212
seq59	IMLHGPSGTGKTWLCKALEQKLSVRLIE-DIHKIFSRWFGESGKNVHQFFSHIQALLHCAVYEIDEVEAIAMSRANNESVDVIRVVNALLTHLDRLCTK-NNAL-LATSNLQKALDMAFL-DRADPVFFVG-	78.3	291.141103221026	0.36363636363636365	0.8712121212121212
seq169	LLILGPPGTGKTSLCKDLVHKLAPSLVVVYPNSEFSKYFGESSKNIDKIFFQIQVFYNLVQPLVDEVEKIATPRAQNEPRDNNRVVNTLLTMLDCLKN--NNFLVLATSNLYGAIDDAFK-DRADAVLRIG-	78.0	279.6399051028941	0.4393939393939394	0.8787878787878788
seq30	LLFHGPPGTGKTMLAKALAQKLSLRKVADDPHFIFSKWFGESSKNVWRVFQAIHEIDRHVVVV-DEVEDIAASRSGNEYQDATRVDNSLLT-LDKLILLENNCLFLRTSNF-EPLDQAFK-DRADLVFFVG-	77.7	276.9015617830944	0.4166666666666667	0.8712121212121212
seq199	LLLNGPPGTGKTTLCQALAQKLGIRVVFIYSHHEFSIFLSESGKWISKLFSMIMEFPEAVGSLIDEVEAIAKSRSPNEHCDSIRVVNAWLTQHDRLK-YPLNTMLLATSNTARSIDEAFV-DRADIL-EVG-	77.4	274.97087233738534	0.42424242424242425	0.8712121212121212
seq148	LLITGPPGDGKTTLCRWLC-KLVRQLIELFTHSSFSRLGGE-AKNITKIFWQIFLLLNPVSLLIDEVEKIAKSRRENEPPDHIRVVNALLTIMDAIKRR-HNCLILATSNVSSLIDTAFI-RRFDYKFNVG-	77.3	265.6860012916221	0.44696969696969696	0.8787878787878788
seq65	LLFHGPPNTGKTVLCKAL-QKLAIRMLEL-AIPIFSKPFGESVKIVGSVFTHINMLLEYIFIFMDEVEAIAMSRSRNEPTDTRRVVNSLLTILDKLPKM-NDSMHLCTSNLHFALDPAFV-DRCDAVIFVF-	77.0	268.96685080431706	0.3939393939393939	0.8787878787878788
seq196	VLLNGSAGTGKTMLCVALAQKLDARKVEIPSHAQFSKFLSESGKFIEKEFETIKE-VIFVFVLFDEVEKISKSRSNNEQRDSIRVVNAVLTQYDSLKIS-NNRLILATSNLGWAIDEAFV-DRAVIPIYIG-	76.1	280.848014075601	0.4166666666666667	0.8939393939393939
seq171	LLVDGPPGTGKTSLCSCLFHKLAFPLVIIDSASIFSKYFGESSKNICKIFHQISIWAKLVWKLVDEVESIAEPRASNEPSDLLRVVNTLLTQLDVLKLY-NNDLVLATSNLWGAIDDAFT-DRADKSLLIG-	76.0	291.5217357612453	0.42424242424242425	0.8560606060606061
seq136	VLIHGPPGNGKTHNCKALIQELSWAYIETPPHNLCSKWPSESSKLVAIIFDLIEALIERSGVLMDSVEALAASRLRNETEVSIRVVNRFLTQLDYLTSP-NGIVMLATSNMLQSIDCAFV-DRADYKIEIG-	75.6	262.86916179381456	0.4621212121212121	0.9015151515151515
seq186	DLLHGPDGTGKTSLCKALAQKLMARFIEISKKGLFSKWFGESSKLVGALFVLVHAWLFLVCVLIMEVESKAQSRGGNEPFDICRVVFALLTCIDGLKRY-SNGLILATSNLKSSIDMAFE-DRADPKQVVG-	74.7	290.81234381156617	0.38636363636363635	0.8787878787878788
seq22	ILGHGPPGTGKTVLCKYLSQKLSIKKIEITASSPISKWFSESAKNVSRIFHLIIQLVVLVEVLFDEVEPIAASRC-NERENLIRVVNALLRELDRLKYY-NNVLVIWTSNLPEFCDDAFM-DICHW-AMVP-	73.5	265.90555716282006	0.4621212121212121	0.8712121212121212
seq131	LLFHGPPGTGKTELCKALCTKLSIRDLEVQIHSIFSAWFGESSKNVADIFLWIRELLKFHCLRPGEVEALAGSRSTNESGDVIRVTNALLTCLDTL-GFDNVALFLNTSNKLWQLDMAFV-DRDDLIF-IY-	73.3	271.5084587819731	0.4015151515151515	0.8712121212121212
seq66	ILFHGPPGTG-TRLCKQLAQKLSIRIEEQKSASLFSKWFNESEKNVDKVFTWIEVVLQGMGQCIDEVEALAHSRATNETADLHRVVNTLLTELDDLWKY-NCPLILATSNLTERLDQAFL-DRADFCFFVD-	72.8	278.36878262721274	0.3939393939393939	0.8712121212121212
seq198	VLLHGPPGTGKTTLCVVLAQKLRCRVVLVNLHGTFST--SESGKALQKLFTEI-FS-C-VFLLIDEVE-L-HARSTNECSDSIRVVNAHLTDIDRLKQYPHNSMILTTSNHTYTIDPAFA-DRADTHNLIG-	72.7	272.70860703425876	0.4166666666666667	0.9015151515151515
seq166	NLIQGPPGSGKTHLCKLLFHKLADDMVEVHPNSIFSKYFGESSKNITKMFENI-INHWCPWFLFDEREKIAIVRACNEPSDFKRVVNTLLTMLDKLKFY-NNPLVLTTSNLRKMPDPAFV-DRADVKIHIG-	72.5	262.8422739533756	0.4621212121212121	0.8787878787878788
seq3	ILFYGPPGTGKTSLCRALNQKLSLRDREIRPNSLFSKWFGESGKLVPDVFDLIEWIDKVVCVLIDEVESLALSRSETEVTDAIRVVNAV-TQID-LRYMPPNILSLATSNLAHLLDIAFM-DRADYVLYIG-	71.5	307.06907581938754	0.4090909090909091	0.8787878787878788
seq8	LL-HGASGTGKTMECQCLALKLSIRLTEVTSQSFFSKWFSESGKLVMKVFRDIEDLNWAVCLLNDEVEAIAAHRAGNEPSDASRVVNSLLTQLDSLFEY-NNHL-L-TSNMVEILDPAFM-DRADEVAEID-	71.0	290.31410492615777	0.42424242424242425	0.8863636363636364
seq9	LLTHGLSGTGKTLRCQTLALKLSIRL-EVFSTSWFSKWFGETSTNVRKVFDRIEDLEYQVCLL-DEVEFIAEWRAGNESSDADRVVNQLLTQIDELGE--NNYL-LITSNMRLALDPAFA-DRADEVFRIP-	70.4	270.784934226893	0.44696969696969696	0.8939393939393939
seq200	VLLHGYPGTGKTDLCKALAQKLASMFVEVRSHEVKSKRVSESGKIIFKLFYDIHEPVKCEFSLIDEVEAILSSRSSNEAEDKIRVVNAGLTQEDELPAYPLNIIDLCTSNLNEAIDTAFV-DRADIKFEVG-	70.3	278.14197976080885	0.44696969696969696	0.8787878787878788
seq163	LLIVGPPGTGKTSLCKQL-SKTKPD-VFVISCNCFSKKFGESSKNINKMFFFIDTFKGCVCCLVDEVE-IAKTRLSNEPSDNKRVVNTLLTMLDCLKH--NNFLLLATSNLLGAWDDAFI-DRADAVVRIG-	70.0	270.4081784425782	0.42424242424242425	0.8939393939393939
seq7	LL-HG-SGTGKTMACQELARKLSISLTEVRSTSYFSKWFSESGKNVMKVFDKIEQLTQYVCLLTDEVEAIAQQRKGNEPSDAKRVVNSLLTQLDSL----PNRL-L-TSNMHLMLDPAFI-DRAD-VSEIK-	69.8	282.7132317261864	0.45454545454545453	0.8787878787878788
seq153	ILQEGPPGTGKTELCKSLCQKGWVILIAIQSTLLFSKWFGES-KSICKAFEFIFNMLTGPIDLIDKVEDFASSRSENEPSDSRRVVNTLLTQLDEI-AYFNNPLVLATSNLAKSIDSAFV-DRADLHQFID-	69.1	278.5930310980268	0.4318181818181818	0.8712121212121212
seq119	LLLHGPPGTGKTELCKALAQKLSIRVLE-RCHKRFSMWFGESSKGVAHIFWGIDLLAGYYCLILDEVEARAMSRSVNEPSDVIRVVNTLLTDLDYLHWVLNMALGLATSNMTAALDSAFV-DRADLVEPFG-	68.1	278.3360069638739	0.38636363636363635	0.8636363636363636
seq133	LLFQGPPGTAKTSLCKALCQKLSSREVDLISKRIFSKWFGESLKNKATFF-RIKELKEPYCSIVDEVESPALSRSDNEHTDGIRVVNVLLTRLDCAMYG-NDQLLLCTSNMLDIWDQAF--DRADDGQFVG-	60.8	250.98251745737494	0.3939393939393939	0.8787878787878788
seq173	LLIFGMPGTGKTFLCQMIGQKLGI-GVELPSGNVFSKWFGESVK-I-KIFQCIERPSKIVVGLIDEVEAIARRRFMNEPSDIIRVVNNLLTLLDALKP--FNQLVL-TSNLGEAIDCAFY-DRADLVLPVG-	57.0	270.11466110609615	0.4318181818181818	0.8636363636363636
