sequence_name	sequence	hmmer_seq_score	stat_energy_scores	min_natural_ham_dist_seed	max_natural_ham_dist_seed	min_natural_ham_dist_full	max_natural_ham_dist_full	max_self_ham_distance
seq47	-LLYGPPGSGKTMIARLTAKEAGAHFIKVNATELVGLFMGESEQRISKIFAEANEQA-PAIVLVDEIDAIAMSSSEVYGEVDRQIVSQLLQEIDGLTYLEAKVFLIAATNRVDVIDPAILRSRFDTEIEI--	141.3	267.2530604175278	0.4318181818181818	0.8257575757575758	0.42424242424242425	0.8787878787878788	0.7045454545454546
seq41	VDMYGPPGNGKTLIAKAVANEAGLRFLKIDATKVLSMFLGQAKKEIDSLFNEAKKAS-PSIVFIDEIDSIFVTKGEDNSNRGSSIISEFLKAMENKTFDAKNVMIIGATNKPDDLDPAALRSRFDRKYEFGG	139.1	237.34437002851504	0.5606060606060606	0.8560606060606061	0.5378787878787878	0.9242424242424242	0.7575757575757576
seq17	ALFYGPPGVGKTYLAKALANECKSYLITLTATDLVGMYMGVGEKQIAKVVDCAKKNA-PSILFIDEIDAIGGDKFGCEHNTSRRAVSALLTKMDGFYFDYKGVFLLCATNRPDVLDAAVLRGRVDRLIEFP-	138.8	259.298576822353	0.5151515151515151	0.8787878787878788	0.5	0.9242424242424242	0.7348484848484849
seq4	MLFYGPPGTGKTMVAHAVANVVGVPFYIIQDSEIISKWLGESERQISKIFQEAAALE-PAIIFVDELDAFARRRSEYEEVMSSRVIATLLDLMDNFTVQHKKLYVIATTNLPDSIDPAAFRNRIGYRIH---	136.4	243.59544600300177	0.5303030303030303	0.8333333333333334	0.49242424242424243	0.9015151515151515	0.7348484848484849
seq1	VLMWGPPGTGKTMFARVIANDCDLHFLNMSKTGILSEYQGVTGKKITTLFAQARSHA-PCILFIDELDAIAGSSEIEEKDAAETITSTFLALIEFDHKALSQVVVIAATNRPDDIDDAALRDRFDERYEL--	132.8	235.0088362217148	0.553030303030303	0.8484848484848485	0.5303030303030303	0.9090909090909091	0.7196969696969697
seq10	VLLYGPPGTGKTLYARALATETKAWFIKLEAGELTGQLGGGGAKSVKKTFSEAKEMS-PAVVFIDELEAIGTRNEEDASGDSERATAALYSELDQLDMHEADIMVVAATNRPDLIDHALVRGRFDRTVHV--	132.6	254.56662642377427	0.5075757575757576	0.8560606060606061	0.4696969696969697	0.9318181818181818	0.6893939393939394
seq11	ILLHGPPGTGKTTLARAIVNDARATFIELSAHDLLEKWLGENAARLKSSFYRAKLQA-PAVVLIDEIDAIAGRAYYDTDAVEAALRNALLTGLDGTDFMYDRAVLIATTNQPWDIDPAVVRGRFDREIEI--	128.7	249.69274897361385	0.5151515151515151	0.8636363636363636	0.49242424242424243	0.9166666666666666	0.7121212121212122
seq35	VLLYGPPGVGKTTIARLALKHAQCPFVPVMGPELEGMYPGVSGASVAGIFSKAKNMEAPCIVFMDEIDGVAVARKEDLEYYAPSSLSALLTEMDGFANSGSEIIVIAATNRPEAIDPAMVRGRFDRKFQL--	128.6	241.72413485323324	0.5075757575757576	0.8409090909090909	0.49242424242424243	0.9090909090909091	0.7045454545454546
seq40	LLLKGPPGCGKTMMCSALLKEAEMSFIRIDATILTGAWVGQSERQLAKVFQDAKSRK-PSIVFIDEIDAFCGRRGDDNERVSATVNQAISTFLTEMNFKESKLFVLAATNRPDDIDPAAIRGRFDLELA---	128.0	239.1421444008737	0.5681818181818182	0.8333333333333334	0.5454545454545454	0.9090909090909091	0.7045454545454546
seq3	VMLSGPPGTGKTSIARTLAKQCHISFIRSTGSDFVEKYLGPSGMGVAQVFSKAKREK-PCVVFVDEIDSILEGGGDSKKLESGSVRSALLTLIDDTDDKQAQYYVIGATNRIDMVDEAIVEGRFDMHVS---	127.3	223.51969235982153	0.5681818181818182	0.8560606060606061	0.553030303030303	0.9166666666666666	0.7272727272727273
seq26	LLLSGPPGCGKTMFAKAAAKECGISFITVSGPSFLDKYQGMSAIGIAEIFKRARVTQ-PSIILIDEVDSLCPRREINAGAGENGIRNSLNTLLDDTKKELSKVSVLAATNHEDEVDPAALWNRFDRKFKVN-	126.6	242.37336519290548	0.5303030303030303	0.8484848484848485	0.5151515151515151	0.9090909090909091	0.7121212121212122
seq48	VLLSGPPGTGKTTMVRVAAKTASCPLVVFTASKVFSCYVGVSAKYLADVFNEAAELLVHCVVFIDEIDGIALHRMQEDAANQSRVLSAFLAAIDNHELELAKVIVVGATNRPSDLDPAALRSRFDRTYTF--	126.3	237.44012160078003	0.5303030303030303	0.8636363636363636	0.5303030303030303	0.9090909090909091	0.6893939393939394
seq2	ILLTGPPGTGKTEKARVIAKSLDLYFVKVSVSEFKGKFVGMSAKNIKAIFEKAFENG--AIVFMDEIDAIFLEREYGEHVAKEYAINAMLEFLDDTKFKPADVIVIGATTRPDDIDPALIRGRFDCML----	126.3	239.13173196956572	0.5227272727272727	0.8181818181818182	0.5075757575757576	0.8939393939393939	0.7196969696969697
seq19	VLFYGPPGTGKTQVAKAAAKTLGYPFISVEGSELFTKYTGEGASRIAECFKEARKVS-LCVVFIDEIDSIVLGKSEYTEADRSSILTAILYLMEDDMFCKSKAVIIACTNRSDVIDPALVRARFDRLIHLT-	126.3	230.7870378734314	0.553030303030303	0.8863636363636364	0.5151515151515151	0.9242424242424242	0.7045454545454546
seq18	LLMYGPPGTGKTLMAKATANTCNKSFLKIDASNIVQWFKGVGASRVSEAFAVLTFENKECLLFIDEIDALFTRSSGESYSVSNSAINALLTLLDGFSRDTHGYYVLAATNHPDRLDPAIVRGRLDRKLYVP-	126.1	237.56053919559952	0.5227272727272727	0.8484848484848485	0.5075757575757576	0.9318181818181818	0.75
seq49	LLLAGPPGTGKTVSARVLAKEARFPFVTLSMSELVSKYEGVVADSYSKIFKEAKEMARACILFVDEIDAVCARRGADDHGANARGTAATLAEMDGIKSDNSRFFILAATSRPDQIDVAVRRGRFDQSVY---	126.0	235.64807920851882	0.5454545454545454	0.8636363636363636	0.5	0.9090909090909091	0.7272727272727273
seq23	LLLSGPPGTGKTAFARTLMNESKVRFVMVKASELISQYVGMGGPRIAKVFNEAARAA-PCILFFDEVDAIALDAYADYEYDSSRGINSLIAAMGEFDHNHSKVYLIAATTRPKSVDPALVDGRFDHMLEF--	125.5	228.87421643245648	0.5757575757575758	0.8484848484848485	0.5454545454545454	0.9090909090909091	0.7045454545454546
seq34	-LLHGVPGTGKTMLAKTIAKEADVPFISLKGSDIMGMYAGPAAKVIAQKYKEK-GAEKKCILFFDEIDAIGMHRTTDVGEKDRRIVSQLLRAIDDVDNFPSDLYLIACTNRSGALDPALARDRFDTRVQFER	125.4	217.33311116804504	0.5757575757575758	0.8787878787878788	0.5378787878787878	0.9166666666666666	0.7575757575757576
seq24	VLLSGPPGVGKTALARAVANATGVHFINIQFA--MVKVPEDGAAIVRDSFKKAKKEA-PSLIFIDEIDAATGERGGGDAGFAARRIQALLADMDGANNITGMVAIIGATNRPDSLDAAAIRGRFDRKVNLP-	124.7	248.46613280097284	0.4772727272727273	0.8409090909090909	0.4696969696969697	0.9242424242424242	0.7348484848484849
seq22	ILLSGPPGTGKTLFARMLAKESGIPFIMVNAGCLISQWFGLGPKMIAGVIKAAKEYASRLIIFIDEIDQMTVGASAGEGQGLASIRSAFLEQLDGMDFM-DKVFVIAATNRPDAIDDAIRRGRFDSELTIG-	124.4	241.9848614090142	0.5151515151515151	0.8636363636363636	0.5151515151515151	0.9242424242424242	0.7424242424242424
seq9	LLLYGPPGTGKTHLVNAVAGAAGLPIEVMSASEFQGKYSGQSGPAIAELYKKAKKTL-PAVIFIDEMDSIMGEAASGMAGEKSRAANALLTMMTKTDHVADGIITIGATNRHTDIDPALRRRRFDLKIA---	123.7	235.4475681558813	0.5606060606060606	0.8787878787878788	0.5227272727272727	0.9242424242424242	0.7272727272727273
seq30	ILLCGPPGTGKTMVAKACAYEANLPFLKLSATTLFEKFVGESAANVLKSASSAKLMA-PAIIFIDEVESLCVQRDYYENLHRNAPISALIAALDEIDGKSRKVYILAATNRPDDLDPAALRGRFDLTFYL--	123.5	243.140282113001	0.5378787878787878	0.8787878787878788	0.49242424242424243	0.9090909090909091	0.696969696969697
seq44	VLLIGLPGCGKTSLAKALGNEFKCHFITLSASEFVSKYVGESAKNIQEVINYAFFESKPAIVVIDEIDSITGKREVVSHEGTSRGVEALNTITYNRATQYPNVVVIAMTNREQDIDPAILEDRFDLKTLL--	122.3	226.16566983027778	0.553030303030303	0.8787878787878788	0.5151515151515151	0.9090909090909091	0.7272727272727273
seq39	VLLYGPPGTGKTYIASALATESKAYFINITASTWMSKHYGETAKRVAAKFAEARRCAKPAIVFVDEVDAIALEKRQDGAGDNRAVRSCLKSAMDAKDHVTKIVYVICATTRPDMVDSALLRSRFDLIIEL--	121.9	235.6547395551705	0.5303030303030303	0.8636363636363636	0.5	0.9090909090909091	0.7196969696969697
seq25	ILLYGPPGTGKTEFAKAACQEINLPLAPIKYTDFMSKYRGQSETGIVQAFKDAKKQRSLCVVFLDEIDAIALERAGEDYAENRSIRNAMYTALDDLDNDLSGTFYICATNTPELIDSAVLRSRPGKHISF--	120.4	223.57855054772588	0.6136363636363636	0.8787878787878788	0.5681818181818182	0.9166666666666666	0.7348484848484849
seq13	ILLAGPPGTGKTQLARAAAKELKGELIVVDGSDIMSEYKGTTASALENIISD-KRELE-GILFIDEIDSIAAARGAAEYVESSGVSSALLAVVENCERELGAFVLLATTNRPDDVDPALLRGRFGEIVEFER	119.9	220.20200579543513	0.5757575757575758	0.8560606060606061	0.5606060606060606	0.9318181818181818	0.7424242424242424
seq27	-LLSGPPGTGKTSLVKSACHRLKAYCVYISASDVQSKYMGQTAAAIRDVYRQAAATT-PCILFIDEVDAIASKRGGMGEQESAWILAEMNAILEDQDFAKMGVSTIATTNLPWDIDPAILRSRFTSHLHVT-	119.9	217.49827856439458	0.5909090909090909	0.8484848484848485	0.5681818181818182	0.9015151515151515	0.7424242424242424
seq37	VLLTGPPGCGKSSLARAAAKELGIYFLSISASVLEGTIFGGSVTTVSAIFSKACSQR-SCVVFIDEIDAIGSKSGSGGKDAGDPRVAAIVSQLEDVKFARDRLLLLAATNRPDDVEVAALRGRFDRQIEVPY	119.4	228.9004840711262	0.5681818181818182	0.8636363636363636	0.553030303030303	0.9318181818181818	0.7424242424242424
seq45	VLLVGPPGSGKTSVVRCLATACQAYVVRVAATEIVDEFVGMGAPKLRDIFKEAKACA-PCVIFIDEVEELAEADFGEGAAALSAVVNAMFALMDGTTLHSSKLLLIAATNRPNDIDLALISGRLDSEINI--	119.2	232.19926303370013	0.5606060606060606	0.8560606060606061	0.5454545454545454	0.9242424242424242	0.75
seq38	ILLSGPPGTGKTEVARGMAKEFKLKFVKIEGTQLVSKFVGVGVNAVKDVFSMAKSLS-PCLVFIDEVDVLAGRRGAASGVSDFAFRAALLTALTDEIGMTSDVLVLGATNKPDELDPAALRSRFDLMVHFG-	119.0	237.03081839444673	0.5454545454545454	0.8484848484848485	0.5303030303030303	0.9242424242424242	0.7045454545454546
seq31	-LLSGPPGTGKTSLARSVIRETKIRMLSLSGDSLISKYVGMLAASLEAKMSVHLAYSSPVCLFIDEIDALAGRRGADDARAVSEISSALLSALDDFEVTRNKVLLLAATNRPKDLDPAALEGRFDFKVEVP-	118.2	228.53415473737573	0.5681818181818182	0.8560606060606061	0.5378787878787878	0.9090909090909091	0.7424242424242424
seq0	LLLYGRPGSGKTQLARALCKSLNLNFISLNGSEFTDMYLGEGASRIAATFSRAWTFS-PCIVLIDEIEMIAMDSAGENSVYMQGLASALLGLLDKHSFNYHRIVCIATTNQPEVLDSARLSSRFDYKLEVR-	115.1	226.0413051514855	0.5757575757575758	0.8333333333333334	0.5606060606060606	0.9242424242424242	0.7272727272727273
seq14	VLMHGPPGTGKTTLARALAKRVGLYTVTLTATELMGKYFGQSGPATENRIVNVFDK-RPALLIFDEIDTLANEVHAQAEEQQRRVQSAINRMLQDFEIQLEGVALIATTNRPEDIDPAALRRRFDYKIEFE-	114.6	204.42850330379952	0.6287878787878788	0.8636363636363636	0.5681818181818182	0.9166666666666666	0.7424242424242424
seq42	-LMMGPPGTGKTTFARATAKESGMNFFMVKASEEFWMFVGPSAKPIETVFNLARRDA-PSIVFIDEIDTIMVERAEMAGYASNQQSNEILVTMDDAIMEYAGLFVFAASNRPESIDPAALRGRLDHLFYV--	112.4	234.73465017618466	0.5303030303030303	0.8409090909090909	0.5075757575757576	0.9166666666666666	0.7045454545454546
seq33	LLLYGPPGTGKTMFATALAKECGLPFIKRKITDYVPSKTKDVVDLVTSYYSVAARLEGVCVLFLDEIDAAMGAPRLSIGPLDSFSVAQLLQLMDDMDKEMSRVFFIAATNRPDKLDKAAVSGRFDREIELGR	112.1	208.75331396908422	0.5833333333333334	0.8787878787878788	0.5681818181818182	0.9393939393939394	0.7424242424242424
seq5	VLMSGPPGTGKTMTVRAVAKELGCSFLHLSKTTLLEMYMGESAKRLASSWTARAGGAVDLIMFIDEVEGWALVERDDDGRYASPIRSTFLSYMDGLEHERNRVVVVAATTREDSIDPALLRRRFDKIITYER	111.8	204.8193209063024	0.6060606060606061	0.8787878787878788	0.5681818181818182	0.946969696969697	0.7348484848484849
seq12	ILLYGPPGNGKTSAARALVKEAKAKAYIVSVTAVVSVFVGVSEKVLSKLWREAGKDSGLHVIVFDEVDALAPKRVDSNAVCDRQALNAILTDLDGFTDEFSKVVVLAMTNEPWEIDEGLARRRFGHFIELK-	111.3	218.0199172067648	0.5833333333333334	0.8560606060606061	0.5606060606060606	0.9318181818181818	0.75
seq43	ILLSGPPGTGKTTFAKAACSAAGKPIHFILGPELIEQFVGLVPGSMGVHYARAKKMA-PSVLVIDEVDAIICQKRESSGDHRQAVMGQIVTLLDDLSLDAHEVILIGITNRPSDIDEAALRRRFDYTVQF--	110.2	214.08157054774014	0.5681818181818182	0.8863636363636364	0.553030303030303	0.9090909090909091	0.7424242424242424
seq8	ILLYGPPGCGKTTIARTIAKHFKVPLITVDVKEIQSMFKGESVLKINNAIKAYIGYS-PSVVFIDEIDAVTQDRVDQGGVYRSQLKNALATLITDMDFESSKVYFNATTNRPESLDLAAVRRRFDFMVY---	109.0	209.97677652306234	0.5909090909090909	0.8712121212121212	0.5681818181818182	0.9015151515151515	0.7121212121212122
seq7	-LMSGPPGTGKTEIARVVATECRLSFRYLTASEIESKFSGLLAANVKKWYAEARRCAAPCILFIDEADSLFQTSSAVAEGQSWSAVDAINGFLSDLKTKFSRVLVIAATNRPDLIDSAGMEDRFDQVIEFKR	108.6	202.9141986776288	0.5909090909090909	0.8484848484848485	0.5757575757575758	0.9318181818181818	0.7272727272727273
seq36	MLLYGPPGTGKTLYARSFARESGMNFVPITGSQFQSEYVGVSEDQIKAKVLEYCDEN-GAIVFLDEIDEIAGVLDNVNLRVINRIVSALNELLDMNKFKRSRILVLAATNRPDVLDLAAITGRFDLIVEF--	108.3	223.99809891465145	0.5606060606060606	0.8484848484848485	0.5303030303030303	0.9242424242424242	0.7348484848484849
seq32	LLLYGPPGTGKTLMAKAFCNECGCHFYPLSATQVPEEFQGYGVVGVVRIPGAPPRLAEPAMIFIDEIDALCPQKIEYGEQASREGVNALLAALDNFRYEKSEVYVVAATNQMNDVDPAVSRSRFDRQIFV--	108.2	215.24622494618765	0.5606060606060606	0.8636363636363636	0.5378787878787878	0.9393939393939394	0.7272727272727273
seq28	ILLSGPPGVGKTMIARTIATECQLPFVKLSVGILGHYYVGGTAKLLKGAIDIYKKSG-MMLLFFDEIHSLALHSAGEGDRRGPNILAEFLTFMDNKTDKDEKYFVIAATTTPEDIPESILQGRFDYKIYL--	108.2	212.22613097611867	0.6287878787878788	0.8712121212121212	0.6060606060606061	0.9242424242424242	0.7424242424242424
seq20	VLLYGPPGLGKTSLVRHLAKRAGRPFIYVKASELKVRYLGVGAPMIASLFSKAAKAKDGCLLFFDEVDAFGLKRTDDGGDDSGSVRAALITLFLDMETNLEGVFLIAATNHPYDIDVAARGDRIDQKIKF--	107.9	224.80085707670585	0.5909090909090909	0.8560606060606061	0.5681818181818182	0.9015151515151515	0.75
seq46	VLFYGPSGVGKTESANVLPKLTGKSFYKLNVSEIKSKWAGESADIINEVINRAKIAD-RSLIFIDEVDALLMARRTYDMTGESSQVNALLADMDGIDNELSGVYIVAATNRPNSMDAAIKRGRFDYTI----	105.7	217.06251554071162	0.5757575757575758	0.8560606060606061	0.553030303030303	0.9015151515151515	0.7196969696969697
seq16	VMMHGPPGSGKTSMVHVICAEYKLNLIRIEGAQVLEQFEGESGIQVRKTFDRARESE-ICLVVFEEMEGLAAARAGSRDGGTSEFLNQVIVFMDARDFEKSKIVLFAMTNRPWDIDEALMQGRFDREIYYG-	105.3	195.1612673690699	0.6136363636363636	0.9015151515151515	0.5681818181818182	0.9318181818181818	0.7727272727272727
seq21	VLFHGPPGTGKTYLGKRLAKEVGAEFIVVEASELMGELGKESEIGIAECYDYARGSAALAIVFFDEADAVFAEGLVYHTHVESRVTASLLAAMEGFAMEDCRRLVVAATNHPEAIDPASRRSRFDIELCF--	103.1	221.61028867383055	0.5454545454545454	0.8787878787878788	0.5303030303030303	0.9090909090909091	0.7424242424242424
seq29	LLMYGPPGTGKTYMAKCLAGELGRTFLYLNATQLVSEFVGQSASLIIQYYSYRISLGSQVVLFIDELEEIAGRGVTEDWSYYNPIRTKLLFAMDEYYKSNSKIFIVGTTNRLEDIDPAAQRHRFIVKLHF-K	102.9	195.3379922080789	0.6590909090909091	0.8712121212121212	0.6287878787878788	0.9318181818181818	0.7651515151515151
seq15	-MVVGPPGTGKTLSASQVAKALGRDFLMLGISVLQDKYMGQSASMIQKIVDEAAAHPDGGIVFIDEIDSAFVVDQDYIDPGVRRIVNALIKLLDDRVKAPEKVIWVSATNRPSEIDPAALQSRSDEMVYFQ-	102.5	196.15847763795026	0.6287878787878788	0.8712121212121212	0.5984848484848485	0.9166666666666666	0.75
seq6	LLLTGPPGTGKTSLARSVASGTSFPFVSVTGSELVEKYQGVSAPKIGSVYATAKRQRAPMLLFVDEVDVLALDAEGGDVVYENSVGAALFTFIEELDLTHYCSFVVATSNHPEEIDGAILESRFDFSVTLS-	100.2	202.3555769909565	0.6060606060606061	0.8484848484848485	0.5909090909090909	0.9242424242424242	0.7727272727272727
