sequence_name	sequence	corr_nat_seq_name	corr_nat_seq	hmmer_seq_score	stat_energy_scores	min_natural_ham_dist_seed	max_natural_ham_dist_seed	min_natural_ham_dist_full	max_natural_ham_dist_full	max_self_ham_distance
seq132	MLLYGPPGTGKTLLAKAVAGEAGVNFLSVSGPELVNKYYGEGERNVRELFEQARKMKAPSIVFFDELDSIARSRGGSETEHAKRTLNQFLVEMDGIDKSEERLVVIAATNRPDIIDPALRRGRFDRSIYLDG	ORC1_CANAX/424-569	VYVCGLPGMGKTATIKDVVEQMQFSYLELNGLKLLSPSASNAALLLEEYFKREDHKRKPLVILMDEFDQIATKK-----------QNVMYNFFNWPTYSTSKLIVIAVANTMDLPERMLT-NKIASRLG---	170.5	318.364322384959	0.4166666666666667	0.8484848484848485	0.3712121212121212	0.9242424242424242	0.6590909090909091
seq162	MMLYGPPGTGKTLLAKAVANEAQTNFINLNGSDLISKFWGESEANMRNIFRQARKVGAPCVILIDEIDAIASRRGAESGMERERVVNQLLSEMDGFKNDLNEVVVIASTNRPDKVDPALRPGRFDKKIPLSL	LON1_BORBU/385-527	ILLVGPPGVGKTSIGAAIAKVLRTKFFRFSVGGMRDEYVGALPGKIIQGLRITKTNS--PVFLIDEVDKISASS-------YGDPFSVLLEVLDPEQNVISNVFFILTANSVETIPRPLL-NRMEII-----	167.4	286.0649644346805	0.4166666666666667	0.8333333333333334	0.4090909090909091	0.9166666666666666	0.6742424242424242
seq17	MLLYGPPGTGKTLFAKALATSTKANFYSISGPDIFGKYVGESEKNLREVFNEARKHGAPCIIFFDEIDAIGGKRNGGGEEGSNNMMNQLLTEMDGMNSGLDNVIVIAATNRPDIIDLALRRGRFEKEIFLEV	O04579_ARATH/98-217	ILLFGPSGTGKTMLAKAVATEAGANLINMSMSRWF----SEGEKYVKAVFSLASKIS-PSIIFLDEVESMLHRY-------RLKTKNEFIINWDGLRTNKERVLVLAATNRPFDLDEAVI-RRLPHRLMVG-	165.7	302.7755406587641	0.4166666666666667	0.8636363636363636	0.4090909090909091	0.9090909090909091	0.7196969696969697
seq163	MMLYGPPGTGKTLLAKAVANEAQTNFINLNGSSLASKFWGESEANIRQIFQQARKVGAPCVILFDEIDAMAAKRGAEDSAEHSRLVNQLLVEMDGFKSDLNDVVVLAATNRPDKVDPALRPGRFDKKIPMSR	LON_TREPA/436-578	ILLVGPPGVGKTSVGKSIARAIHKPFFRFSVGGISDEYIGALPGKVLQGLKIVKTKA--PVFMIDEVDKIGSGA-------RGDPAGALLEVLDPEQNTLSHIVFVLTANSTDPIPRPLL-DRAEIIR----	164.5	280.22727757984364	0.4318181818181818	0.8484848484848485	0.4015151515151515	0.9318181818181818	0.6666666666666666
seq161	MLLAGPPGTGKTLLAKAVANEAQVNFISLNASNLISSWVGESEANMRGIFQQARKASKPCIVFIDEIDVIAKRRGAEHGDEHERVVGQLLTELDGFKNEEDEVVVIASTNHPDKLDPALRLGRFDKYLELTS	LON_CHLTR/388-530	ICLVGPPGVGKTSIGRSIAKVLHRKFFRFSVGGMRDEYIGAMPGKLVQALKQSQIMN--PVIMIDEVDKIGSSY-------HGDPASALLEVLDPEQNKLSNVLFILTANVLDSIPDPLL-DRMEV------	164.5	283.65258931453883	0.44696969696969696	0.8333333333333334	0.4166666666666667	0.9015151515151515	0.696969696969697
seq14	VLLFGPPGTGKTLIAKAVATESNVNFISIKGPEFTSKYFGESERAIRAIFKEAKSTKGPAVIFIDELDSISTKRESEHSAQEQRLKNQLLTEMDGLSQTDSKVIVIAATNYVDSVDAALRPGRFDRRIPISS	SAP1_YEAST/641-790	MLLFGPPGTGKTMLARAVATESHSTFFSISASSLTSKYLGESEKLVRALFAIAKKLS-PSIIFVDEIDSIMGSRNENENESSRRIKNEFLVQWSSLSSADTRVLVLAATNLPWSIDEAAR-RRFVRRQYIPL	163.7	290.31411323216435	0.38636363636363635	0.8409090909090909	0.3787878787878788	0.9166666666666666	0.6818181818181818
seq143	MMLYGPPGTGKTLIAKAVASKASAPFISVSGPEFVDKWFGESESNVRNVFSKAKELNAPCVIFIDEFDAVATKRIESDNSGATRVVSQLLTEMNGLGRKASKILVIGATNRPDDIDEAMRRRRFDREVYFIY	DPA44_BPT4/46-159	-LHSPSPGTGKTTVAKALCHDVNADMMFVNGSDCK---IDFVRGPLTNFASAASFDGRQKVIVIDEFDRSGLAE----------SQRHLRSFMEAYSS---NCSIIITANNIDGIIKPLQ-SRCRVIT----	162.8	278.88535152817497	0.4696969696969697	0.8636363636363636	0.4166666666666667	0.9166666666666666	0.6818181818181818
seq165	MLMSGPPGTGKTLLAKAVATESNVNFFNLSGPELASKFWGESEKNVRDLFAAAQKAGQPCVIFIDEIDAIGAKRGGGESEDGARSVNQLLVELDGMQGSLENVLVIAATNRPDAIDDALRPGRFDREIHMKL	LON_MYCSM/348-490	MVLAGPPGVGKTSLGESVARALDRKFVRVALGGVRDEYVGALPGRIVRAIGEAGSMN--PVVLLDEIDKVGSDY-------RGDPAAALLEVLDPAQNHLSDVVFLVTANVIENIPSALL-DRMEL------	162.5	299.23927116741515	0.4166666666666667	0.8484848484848485	0.4166666666666667	0.9166666666666666	0.6590909090909091
seq175	MLLYGPPGTGKTNLVKAIANESGITFLSISGPEIVSKYYGESESNIQKVFQLARKLSRPCILFFDEIDAVAARRTGSQSTLTERTISQLLVEMDGVDQRLGNVLVIGATNRIEAIDPALRAGRFDHKINVSC	LONP2_MAIZE/405-547	LCFVGPPGVGKTSLASSIAKALNRKFIRISLGGVKDEYIGSMPGRLIDGLKRVSVSN--PVMLLDEIDKTGSDV-------RGDPASALLEVLDPEQNKLSKVIFVATANRMQPIPPPLL-DRMEII-----	161.8	290.5648390620366	0.45454545454545453	0.8484848484848485	0.4166666666666667	0.9166666666666666	0.6742424242424242
seq164	MLFSGPPGTGKTLLAKAVATESNVHFINLSGPELASKFWGESEKNVRDLFALARKFGTPCVIFIDEIDAIGAKRGGGEANDGARSVNQLLVEMDGFKGSLENVLVIAATNRPDAIDDALRPGRFDREIHMKL	LON_AQUAE/366-508	-AFVGPPGVGKTSLGRSIAEALGRKFVRIALGGIRDEYVGAMPGRIIQAIKQAGTKN--PVIMLDEIDKLAISF-------QGDPAAALLEVLDPEQNKLSEVIFICTGNRADTIPTPLL-DRMELIM----	161.5	296.5629641057847	0.4166666666666667	0.8560606060606061	0.4015151515151515	0.9166666666666666	0.6439393939393939
seq16	MLMYGVPGTGKTMLAQAVATESNVSFISLKMSDFVSKWVGESESNLRKIFEEAKKLQRPCILFFDEIDSIGSKRNDREDNASQRLVNQILTEMDGLNENLGDVIVIAATNRPDILDPALRPGRFEKELLLEK	O64630_ARATH/257-360	LLLFGPPGNGKTMLAKAVASESQATFFNVSASSLTSK-------------------W---------IDSIMSTRSTSENEASRRLKSEFLIQFDGVTSNDDLVIIIGATNKPQELDDAVL-RRLVKRIYVPL	161.4	286.52857055482855	0.44696969696969696	0.8484848484848485	0.4166666666666667	0.9090909090909091	0.6818181818181818
seq153	MLIFGPPGTGKTLCAKAVASESGVNFVSLSGSEFVSKWLGEGAKNIRQVFQEARQQNAPSIIFIDEIDALGQERGGSGGNEERRMINQLLAEMDGLNAEISGVVILGATNRPDMVDPALRPGRFDREIRMTG	RFCL_PYRHO/46-158	LLLAGPPGSGKTTTVYALAHEYNFEVIELNASDER------TYNKIARYVQAAYTMDRRKIIFLDEADNIEPSG-----------APEIAKLIDKARN-----PIIMAANHYWEVPKEIR-DRAELVEY---	161.2	289.2078535084619	0.4318181818181818	0.8484848484848485	0.4166666666666667	0.9242424242424242	0.6742424242424242
seq129	MLLFGPPGTGKTLLAKAIATESGVNFFSIRGPELLEMYYGESEKNVRELFKQARQYGAPCIVFIDEIDSIAGSGGEDGKTLVERTLNQLLVEMDGVESGEERISVLAATNRPDIIDPALRRGRFDKEIKFDV	BCS1_SCHPO/245-370	-LLYGPPGSGKTSFLYALAGELDYDICVLNLAEKG-----LTDDRLNHLLSNVPPKA---VVLLEDVDSAFQGRSGEVGFHANVTFSGLLNALDGVTSSDE-RIIFMTTNHPEKLDPALVRGRVDVKAYLG-	161.1	307.5677636246992	0.4166666666666667	0.8636363636363636	0.38636363636363635	0.9090909090909091	0.6818181818181818
seq159	MLLYGPPGTGKTMLANALAAESGVHFVRLSAGTLVSKYMGESENSIREIFEKARSDNIPTILFIDEIDAIGGRRSNANAEEGNRFLNQLLTEMDETRVPHGKVIVIAATNRPHSLDPALLPRRFDRLIELQG	LONM_HUMAN/519-661	LCFYGPPGVGKTSIARSIARALNREYFRFSVGGMTDVYVGAMPGKIIQCLKKTKTEN--PLILIDEVDKIGRGY-------QGDPSSALLELLDPEQNALSKVLFICTANVTDTIPEPLR-DRMEMI-----	160.6	273.00662874413655	0.4318181818181818	0.8560606060606061	0.42424242424242425	0.8939393939393939	0.7045454545454546
seq66	MLLYGPPGCGKTMLAKAVATETNVAFINIRGPEIISKWVGESEKKLREIFREARRYGVPCVLFLDEIDAIGQIRSGDDQDRAERVVNQLLTEMDGNNDDLNNVVCIGATNFPSSLDPALVPGRLDRRIEFTG	CD48B_ARATH/59-195	LLLYGPPGTGKTSLVRAVVQECDAHLIVLSPHSVHRAHAGESEKVLREAFAEASSHAKPSVIFIDEIDVLCPRR-DARREQDVRIASQLFTLMDSNKPSAPRVVVVASTNRVDAIDPALRRGRFDALVEV--	160.5	287.3501546181471	0.4090909090909091	0.8636363636363636	0.3787878787878788	0.9090909090909091	0.6818181818181818
seq136	MLLCGPPGTGKTLLARAVASEAGVNFFKMSGPEIFSKWVGESERALRKIFAEAKEMGSPSIIFIDEIDAIGAERGGAGDSQYKRVLNQMMSEMDGLKSRMSGVIVVAATNRPEALDSALRPGRFDRKFMIRT	P70049_XENLA/556-701	MYISGVPGTGKTATVHEVIRSLQFHYIEINGMKLTDPTADHAAALLEKRFSTASKKE-TTVLLVDELDLLWTRK-----------QNVMYSLFDWPTRKQAKLIVLAIANTMDLPERIMM-NRVASRLGL--	160.5	289.1447907181146	0.4166666666666667	0.8409090909090909	0.3939393939393939	0.9015151515151515	0.6818181818181818
seq73	MLLYGPPGCGKTFLAQAIANKCGLPFYSISVGTLESKYYGEAEKRVRELFQKARENSPPCILFIDEIDTFGSKRSKNEGEIDRRVKTQLLTELEKMSRPEGKLIVIAATNRPEQIDPALLPRRFDRKINFNF	AFG2_YEAST/282-413	ILLHGPPGTGKTMLLRVVANTSNAHVLTINGPSIVSKYLGETEAALRDIFNEARKYQ-PSIIFIDEIDSIAPNRNDDSGEVESRVVATLLTLMDGMGAA-GKVVVIAATNRPNSVDPALRRGRFDQEVEIG-	160.5	269.2467721615802	0.49242424242424243	0.8863636363636364	0.4696969696969697	0.9318181818181818	0.6590909090909091
seq170	MLLFGPPGTGKTLLAKAVATECGLNFFSISGPELSEKWVGESERRVRVLFQEARKFSAPAVIFIDEIDALGSLRGSSTTHEMRRTVNQLLVELDGLDSSMGTVVVLAATNRPDNLDPAIRPGRFDREIELKG	LON_ECOLI/352-493	LCLVGPPGVGKTSLGQSIAKATGRKYVRMALGGVRDEYIGSMPGKLIQKMAKVGVKN--PLFLLDEIDKMSSDM-------RGDPASALLEVLDPEQNVLSDVMFVATSNSM-NIPAPLL-DRMEVIR----	160.0	310.4445013178014	0.42424242424242425	0.8484848484848485	0.38636363636363635	0.9090909090909091	0.7045454545454546
seq131	MLLVGPPGTGKTLLAKAIATEAGVNFLVVRGSELASKYYGESERNVRELFVQARQYKAPCIVFIDEIDSIARSRGGDGKELVRRTLNQLLVEMDGVRSGEERLSVLAATNRPDIIDPALRRGRFDREVRFDV	ORC1_SCHPO/364-509	-YISGTPGTGKTATVHEVIWNLEFSFCEINGMRVTSATPIHAMDLLDNRFTHASPNRSSCVVLMDELDQLVTHN-----------QKVLYNFFNWPSLPHSRLIVVAVANTMDLPERILS-NRISSRLGL--	159.6	307.45377264778017	0.4166666666666667	0.8560606060606061	0.4015151515151515	0.9015151515151515	0.6590909090909091
seq130	MLLVGPPGTGKTLLAKAIATEAGVNFFVIRGSELLTKYYGESERNVRELFSQARQYGAPCIVFIDEIDSIARSGGEDGKTLVRRTLNQLLVEMDGVDSGEERFSVLAATNRPDIIDPALRRGRFDREIKFDV	ORC1A_ARATH/462-610	MYIHGVPGTGKTISVLSVMKNLKAEFVEINGLKLASPGWKKALQSLNERFAEGKKIGKPCILLIDELDVLVTRN-----------QSVLYNILDWPTKPNSKLVVLGIANTMDLPEKLLP--RISSRMGI--	159.1	297.2777060912794	0.42424242424242425	0.8636363636363636	0.3939393939393939	0.9166666666666666	0.6818181818181818
seq174	MLLYGPPGTGKTNLVSAIASESGITFLSLSGPEIVSKWYGESESNVQKAFQEARKSSRKCILFFDEIDAVAARRGGSQEGVTERTISQLLVEMDGFDQGLGNVLVIGATNRIDAIDPALRAGRFDLKINVSV	LON2_MYXXA/375-517	LCLVGPPGVGKTSLGQSVAKATGRKFVRLSLGGVRDEYVGALPGRFIQSMKKAGTKN--PVMMLDEIDKLGAD-------FRGDPSAALLEVLDPEQNNLSKVMFVATANQLDPIPGPLR-DRMEII-----	158.8	280.7526024837405	0.4621212121212121	0.8636363636363636	0.4393939393939394	0.9318181818181818	0.6818181818181818
seq117	MLLSGPPGTGKTTAAKAIANQLGCNFISVSATGIMSKWVGDTEKNLREVFATARTPNAPCVLFLDEVDAIFAARGGGSTGESRRTVNQLLVEMDGFEREENKILCIAATNRPNSLDPALLPRRFDHYIRFSG	PEX1_HUMAN/595-734	LLLTGGKGSGKSTLAKAICKEADAHVERVDCKALR----GKRLENIQKTLEVAFSEAQPSVVLLDDLDLIAGLPHSPDAVQSQRLAHALNDMIKEFISMGSLVALIATSQSQQSLHPLLV-SAQGVH-----	158.7	270.6140300512594	0.48484848484848486	0.8409090909090909	0.45454545454545453	0.9090909090909091	0.6818181818181818
seq118	MLLYGPPGTGKTTAAKAIANQLGCNFRSVSGTGIMSKWVGETEKNLREVFSEARTPNAPCVLFFDEVDSIGAARGGGSTGEVRRIINQLLIEMDGFERDENRIICIAATNRPNTIDEALLPSRFDRYIGFSG	PEX1_SCHPO/375-511	-YINGPKGCGKSNLVHSLFDYYSIYFMIVSCSEIDRSSFAKFQSFWNNVFIQAERYE-PSIIYLDDVHCLISSSNGELGFVEEREIAFLQHQIINLKRK-RKIIFIGFGEEFLTFSENLVLLLFQIKIAL--	158.6	271.4743656006228	0.4772727272727273	0.8560606060606061	0.4318181818181818	0.9166666666666666	0.6893939393939394
seq204	MLFYGPPGTGKTLLAKAIAGEARLNFFKISGSEIVSKYVGESERQVRALFSFAMKYGGPSIIFIDEIDSIGSKRAQDGPKEYERVINQLLVELDGFSKQLKGVLVLAATNRPDSIDSALRPGRFDRKFAVTV	ECCA1_MYCTU/330-465	MIFTGPPGTGKTTIARVVANILEPKLVETSRKDFVAEYEGQSAVKTAKTIDQA--LG--GVLFIDEAYALVQERDGRTDPFGQEALDTLLARMENDRD---RLVVIIAGYSIDRLLETNELSRFATRIEFD-	158.6	294.4167429571081	0.4393939393939394	0.8409090909090909	0.4166666666666667	0.9090909090909091	0.6363636363636364
seq169	MLMTGPPGTGKTLLAKAVAGECGLNFFSVSGTELSNKYVGESERNVRVLFQEARKFGAPAVIFIDEIDAIGSRRGSETAEMMRRVVNQLLVELDGFDRTGKNVLVIGATNRVDQLDPALRPGRLDRKIHLQK	O52827_ACIAD/364-492	LCLVGPPGVGKTSLGESIAKATGREFVRMALGGVRDEYIGAMPGKIVQSLTKVGVKN--PLFLLDEIDKMAQDY-------RGDPASAMLEVLDLDLDL-SEVMFICTANSM-NIPEALL-DRMEVI-----	158.5	299.9233031509528	0.44696969696969696	0.8484848484848485	0.4090909090909091	0.9166666666666666	0.6590909090909091
seq71	MLLFGPPGCGKTLLAKALANECGVNFYSLSVSTLISKWLGEAEKMIRELFQQARQLGYPCIVFFDEIDALCRKRYGEETEIDRRVVNQLLTEMDKMSRPEGGVIVIAATNRTEAIDQALLPRRFDRRLNFSF	AFG2H_MOUSE/390-523	LLLYGPPGTGKTMIARAVANEVGAYVSVINGPEIISKFYGETEARLRQIFAEATLRH-PSIIFIDELDALCPKREGAQSEVEKRVVASLLTLMDGIGSEEGRVLVLGATNRPQALDAALRRGRFDKEIEIG-	158.5	276.01827479004254	0.4318181818181818	0.8939393939393939	0.42424242424242425	0.9090909090909091	0.6666666666666666
seq63	MLITGPPGTGKTLLAKALAGDAEVNFIPVSGGELVSKWVGESERKIREIFETAKARAAPSILFIDEIDSLGKKREHGGEMESRRVVNQLLSEMDGVYRNERRVLVIAATNREDIIDPALLPGRFEHKIHFTG	O27676_METTH/242-372	VLMHGPPGTGKTLLAKAVANESDAHFIAINGPEIMSKYVGGSEERLREFFEEAEENA-PSIIFIDEIDAIAPKREDVSGEVERRIVAQLLTLMDGLKSR-GQVVVIGATNRPDALDPALRRGRFDREIEIG-	158.4	287.7746989836478	0.4393939393939394	0.8636363636363636	0.4090909090909091	0.8939393939393939	0.6666666666666666
seq152	AMIFGPPGTGKTLLAKAVAGEAGVNFISLSGSEFVSKWLGEGEKNIRQVFADARKANAPSIVFIDEIDALGGKREGSRSNEARRLINQLLAEMDGLEADVSGVLVLGATNRPDMVDVALRPRRFDREIYMDI	Q18841_CAEEL/343-475	-LLSGSPGVGKTTCAYMACQQLGLQLVEMNASDVRSKGELSGSHQIEQFFGA-KKCAVHHILIMDEVDGMSGNE-------DRAGISELIQIIKESKI-----PIICICNDRQHP-----------------	158.4	297.43183092646274	0.45454545454545453	0.8484848484848485	0.42424242424242425	0.9090909090909091	0.6439393939393939
seq172	MLLYGPPGTGKTMLMKALANESGAYFFSVSASEISNMWVGESERNIRVLFQQARRAQAPTILFIDELDSLCPKRAKSTDPYMRRVVNTLLIEMDGFDDSEQTVLIIGATNRPDNLDQALRAGRLDYEIELKV	LON_MYCGE/375-517	MCLVGPPGVGKSSLAKSIAEALDKKFVKISLGGVHDEYLGSMPGRILKGMTRAKVIN--PLFLLDEIDKMTSSN-------QGYPSGALLEVLDPELNNLSKVMFIATANYIEDIPEALL-DRMEII-----	158.4	283.8759470969757	0.4696969696969697	0.8560606060606061	0.4393939393939394	0.9090909090909091	0.6893939393939394
seq67	MLLYGPPGCGKTMLAKAVATETNCAFINIRGPEIISKWVGESEKKLRHIFREARRYNVPSIVFLDEIDAIGQIRSGGDQDRAERVVNQLLTEMDGNNDDLNNVVCIGATNFPSSLDPALVPGRLDRRIEFTM	YB7A_SCHPO/211-345	VLLHGPPGCGKTMLANALANELGVPFISISAPSIVSGMSGESEKKVREVFEEAKSLA-PCLMFIDEIDAVTPKRESAQREMERRIVAQFLTCMDELSFEGKPVLVIGATNRPDSLDSALRRGRFDREIC---	158.3	284.44332735916714	0.4318181818181818	0.8636363636363636	0.3939393939393939	0.9166666666666666	0.6742424242424242
seq202	MLLYGPPGCGKTLVAKAIANQTHFNFFTISGGSMVSQWVGESERAVRELFRLARETGSPSVIFIDELDAIGSSRGSGVGMERERVISQLLTEMDGLEATRKGVVVLAATNRPDLLDPALRPGRFDREIAFGE	O31346_BACCE/326-458	-IFTGNPGTGKTTIARLVAKYLKGHLVEVDRARLVAQYVGQTGPKTQAVIDSAK----GGVLFIDEAYSLARGG---ENDFGKEAIDTLVKGMEDLRE---DLVVILAGYKMDDFLKTNPLSRFNNHIDFP-	158.3	297.2424454988275	0.4318181818181818	0.8560606060606061	0.3939393939393939	0.9242424242424242	0.6818181818181818
seq128	MLFFGPPGTGKTLTAKAIATESGVNFLSIRGSELLEMYYGESEKNVREIFKKARQYGAPCIVFIDEIDSIGGRGGEDGKMLVERTLNQLLVEMDGVESGEERISVLAATNRPDIIDPALRRGRFDKEIKFDV	BCS1_YEAST/263-388	-LLYGPPGSGKTSFIQALAGELDYNICILNLSENN-----LTDDRLNHLMNNMPER---SILLLEDIDAAFNKRTGEQGFHSSVTFSGLLNALDGVTSSEE-TITFMTTNHPEKLDAAIMRGRIDYKVFVG-	158.3	300.4329878992294	0.42424242424242425	0.8636363636363636	0.4015151515151515	0.9015151515151515	0.6818181818181818
seq203	MLLYGPPGCGKTLVAKAIANQTRFNFFKISGPEMVSQWVGESERKMRELFSKAREWGLPSIIFFDELDSIGSKRKQGGGSEKERVVAQLLTEMDKMDAQLKGVLVVAATNRPDEIDSALRPGRFERKVAFTR	ECCA1_MYCLE/330-465	MIFTGPPGTGKTTIARVVANILEPKLVETSRKDFVAEYEGQSAVKAAKTIDLA--LG--GVLFIDEAYALVQERDGRTDPFGQEALDTLLARMENDRD---RLVVIIAGYSIDRLLETNELSRFATRIEFD-	158.0	279.9619770775912	0.44696969696969696	0.8636363636363636	0.42424242424242425	0.9242424242424242	0.6363636363636364
seq171	MLLYGPPGTGKTLLAKAAAGECEAYFFSISGSEISNKFVGESEKRIRVLFQKARKFQAPTVIFFDEIDALGRLRGKSTDHEMRRVINQLLTELDGFDDKTKTVIVLAATNRPDNIDPALRPGRLDREIELKG	LON_BRECH/351-493	LCLVGPPGVGKTSLARSVARALGREFVRISLGGVRDEYVGALPGRIIQGMKQAGTIN--PVFLLDEIDKLASDF-------RGDPASALLEVLDPNQNDLTNVMFITTANSLDTIPRPLL-DRMEVI-----	158.0	298.26830820384356	0.4166666666666667	0.8333333333333334	0.4166666666666667	0.9166666666666666	0.6893939393939394
seq168	MMMTGPPGTGKTLLAKAVAGESGVNFLSVSGTELQNKFYGESEKNVRNLFQEARKFGAPSVIFIDEIDAIGAKRGGEGAEMMKRVVNQLLTELDGFDRTFKNVIVIGATNRPDQIDPALRPGRLDRKVHLTK	LON1_MYXXA/364-506	LCFVGPPGVGKTSLARSIARATGRKFVRLSLGGVRDEYIGAMPGKLIQSLKKAGSNN--PVFLLDEIDKMSTD-------FRGDPSAALLEVLDPEQNHLSKVMFICTANTMHNIPGPLQ-DRMEVI-----	157.9	298.7137738991558	0.42424242424242425	0.8712121212121212	0.3939393939393939	0.9090909090909091	0.6363636363636364
seq74	MLLYGPPGCGKTFLAQAIANKCGLPFYSIEVSTLLSKYYGEAERRVRELFEKARENTPPCILFIDEIDAFGSKRSKNEGEISKRVVNQFLVELEKMSRPYGKLIVLAATNRPEQIDPALLPGRFDRKINFSF	PR6AA_XENLA/207-340	VLMYGPPGTGKTLLARACAAQTKATFLKLAGPQLVQMFIGDGAKLVRDAFALAKEKA-PSIIFIDELDAIGTKREKAGDREVQRTMLELLNQLDGFQPNMQ-VKVIAATNRVDILDPALLRGRLDRKIEFP-	157.3	270.2564095672667	0.48484848484848486	0.8863636363636364	0.4621212121212121	0.9318181818181818	0.6515151515151515
seq53	MLLQGPPGTGKTALAKAAAAEADAKFLKVNCTEMVSRYYGESERNIRELFDLAKRVGQGCIVFFDEFDSIAPKREAGDDMQERQVKAQLLTQMDNFTRDLRGVVVIAATNRPWDLDPALRRGRFDRKVEVTV	O59515_PYRHO/556-686	VLLYGPPGTGKTLLAKAVATESEANFIAVRGPEVLSKWVGESEKNIREIFRKARQAA-PTVIFIDEIDAIAPRRGTDVNRVTDRLINQLLTEMDGIQENTG-VVVIAATNRPDILDPALLRGRFDRLILVP-	157.2	275.30934637010427	0.44696969696969696	0.8409090909090909	0.4166666666666667	0.9166666666666666	0.7121212121212122
seq57	MLFYGPPGTGKTMLAKAAAAESKAVFIKLDGPQIFNKWVGESERNLRELFREARRVGGPCVIFIDEIDSLAPKRADDPSMERERVVAQLLEQMDGLERDLEGVIVLAATNRPDILDPALTPGRFDRKLAVRK	TBP7_YEAST/450-585	VLFHGPPGTGKTLMARALAASCKITFFMRKGADILSKWVGEAERQLRLLFEEAKKHQ-PSIIFFDEIDGLAPVRSSKQEQIHASIVSTLLALMDGMDNR-GQVIVIGATNRPDAVDPALRRGRFDREFYFPL	156.9	291.4308467984887	0.4090909090909091	0.8787878787878788	0.3712121212121212	0.9090909090909091	0.696969696969697
seq51	MLLYGPPGTGKTLLARAAAAESKAKFFSVNGAEMVSRFWGETERNIRELFDLAKRVPRPCIVFFDEIDSIAPRRGGGDDDHERQVTAQLLTEMDNFTRDLNGVLVIAATKRPFALDSALRRGRFDREVEFTV	PEX6_SCHPO/691-825	VLLYGPPGTGKTLLAKAVATELSLEFVSIKGPELLNMYVGESEANVRNVFEKARNSS-PCVIFFDELDSIAPHRSSDSGNVMDRVVSQLLAELDSISKDNNKVFVIGATNRPDLLDPSLLRGRFDKLVYL--	156.9	288.4436794950194	0.4393939393939394	0.8409090909090909	0.42424242424242425	0.9166666666666666	0.6893939393939394
seq176	MLLHGPPGTGKTYIGKAIANEAGITFYPVSGPEIVAKYVGESEKRIQKVFNDARKLSRPTILFFDEIDALGAARTGSSRTETERTISQLLVEMDGVDQRLGNVVVIGATNRIEAIDPALRAGRFDHKIAISC	RUVB_MYCPN/41-166	ILLYGPPGVGKTTLARLIASEMNTKLQIIQGGHLQ------RPSDFLNAVSLIKKG---DVLFVDEIHAVAPSV-----------MELMFPVMDDFRVQVNPFTWIGATTQFGKIINPLE-DRFGMILNID-	156.8	282.15588360346595	0.4772727272727273	0.8712121212121212	0.4393939393939394	0.9090909090909091	0.696969696969697
seq109	MLLYGPPGTGKTLIAKAVANEAEINFFNISSSELMSKWVGESEKVIREIFDEAAKHRTPSIIFFDEIDGFSGKRGGDGGTEATRTVNSLLNEMDGYRRGIANVRVLGATNRPWLLDPAIRRGRFEKEVELTP	FTSH_HAEIN/187-320	ILMVGPPGTGKTLLARAIAGEAKVPFFTISGSDFVEMFVGVGASRVRDMFEQAKKNA-PCLIFIDEIDAVGRQRLGGGHDEREQTLNQMLVEMDGFSGNDG-VIVIAATNRPDVLDPALTRGRFDRQVVVG-	156.6	278.682151104593	0.4696969696969697	0.8409090909090909	0.4318181818181818	0.9166666666666666	0.6666666666666666
seq110	MILYGPPGCSKTLIAKAVASEAQANFFSISSAEVISKWVGESERVIREIFDEARKHRTPSIIFIDEIDGFSGRRKPDQNTESGRTVNSLLNEMDGYQRGISNVIVIGATNRPELLDPAIRRGRFDKEVALTL	FTSH_RICPR/191-324	-LLIGPPGTGKTLLAKAIAGEANVPFFSISGSDFVEMFVGVGASRVRDMFEQGKRNA-PCIIFIDEIDAVGRHRMGGGNDEREQTLNQMLVEMDGFEANEG-VVIIAATNRPDVLDRALLRGRFDRQIAV--	156.5	277.5131501594096	0.44696969696969696	0.8712121212121212	0.42424242424242425	0.9090909090909091	0.7121212121212122
seq107	MLLFGPPGTGKTMIAKAVATEAGVPFININASALFSKWVGQGEQSIRTAFDETKKYQKPSIIFFDEIDAVSQKRGSMDAAAEQRVVNQLLVELDHYEKTEGDVIVIGATNRIESIDPALLPGRFDRHIEVCI	FTSH_TRICV/222-355	ILLVGPPGTGKTLLAKAIANEADVPFFSVAGSEFVEMFIGIGAARVRDLFKKASENA-PCIVFIDEIDAVGRERVGGGNDEREQTLNQLLTEMDGFKENKG-VIVVGATNRADILDAALLRGRFDRQVTVN-	156.3	275.60020395079454	0.44696969696969696	0.8560606060606061	0.4318181818181818	0.9318181818181818	0.6666666666666666
seq82	MLLYGPPGTGKTLLARAIAGQAGIHFVSLTPSSILSRYVGESESKIRVLFQEAAGDGSPSIVFIDEIDAIARRRNTNASDSRRQVVNEFLNQMDGMEVKYGNVIVLAATNRPDNLDEALRLGRFDRYLHFQP	PRS6B_CAEEL/198-331	VLMYGPPGCGKTMLAKAVAANTAASFIRVVGSEFVQKYLGEGPRMVRDVFRLAKENS-PSIIFIDEIDAIATKRQTGADREVQRILLELLNQMDGFDQSTN-VKVIMATNRQDTLDPALLRGRLDRKIEFPL	156.2	270.9828464573738	0.4772727272727273	0.8409090909090909	0.45454545454545453	0.9015151515151515	0.6742424242424242
seq72	MLLEGPPGCGKTFLAQAIANKCGVPFYSLSVGTLESKYLGEAEKRVRELFQKARENSPPCILFIDEIDTICSKRSKEEGEIDRRVKNQLLTELEKMERPEGGIIVIAATNRTEQIDQALLPRRFDRKINFSF	AFG2_SCHPO/316-446	VLLYGPPGTGKTMVMRAVAAEANAQVFTIDGPSVVGKYLGETESRLRKIFEDARAHQ-PSIIFIDEIDALAPKRTEDVSEAESRAVATLLTLLDGMANA-GKVVVIAATNRPNSIDEALRRGRLEKEIEIG-	155.7	265.16860562911955	0.49242424242424243	0.8863636363636364	0.4772727272727273	0.9318181818181818	0.6590909090909091
seq56	MLFYGPPGTGKTMLAKAAAAESKAVFIKVDGSKIFNKWYGESERNLRELFSEARRVGGPCIIFIDEIDSLAPKRADDPSMEGERVVAQVLEQMDGLERDLEGVLVLAATNRPDILDPALTRGRFDRKLAVRK	Y1156_METJA/489-620	VLLFGPPGTGKTLLAKAVANESGANFISVKGPEIFSKWVGESEKAIREIFRKARQSA-PCIIFFDEIDAIAPKRRDLSSAVTDKVVNQLLTELDGMEEP-KDVVVIAATNRPDIIDPALLRGRLDRVILVP-	155.5	291.9618266679787	0.42424242424242425	0.8712121212121212	0.38636363636363635	0.9090909090909091	0.696969696969697
seq76	MLLSGPPGCGKTLLAQAIANKCSLPFISIEVATLLSKYFGEAEQRVRQLFEKAREIQPPCILFIDELDAFGSKRDKNETEISRRVVNQFLTEMEGMSRRSGQLIVLAATNRPDFIDTALLPGRFDRRIDFSF	M3Z3J2_MUSPF/212-345	VLLFGPPGTGKTLCARAVANRTDACFIRVIGSELVQKYVGEGARMVRELFEMARTKK-ACLIFFDEIDAIGGARGAGGDNEVQRTMLELINQLDGFDPR-GNIKVLMATNRPDTLDPALMRGRLDRKIEFS-	155.5	272.735791120326	0.45454545454545453	0.8787878787878788	0.44696969696969696	0.9242424242424242	0.6818181818181818
seq111	MLLHGPPGTGKTLLCRAVANECKVNFINLSASSFSSKYVGESEKNIRKLFVQAGKYGSPSILFIDEIDSICPRRKQDDPNEDERVKTQFLIEMDNYGGTMKKVFVIGATNRPNTLDDAFRRGRFDRALRFKF	Q9Z6R1_CHLPN/463-596	VLLIGPPGTGKTLIAKAVSGEADRPFFSIAGSDFVEMFVGVGASRIRDMFEQAKRNA-PCIIFIDEIDAVGRHRIGGGHDEREQTLNQLLVEMDGFGTNEG-VILMAATNRPDVLDKALLRGRFDRRVVM--	155.3	266.83197458011006	0.49242424242424243	0.8484848484848485	0.4621212121212121	0.9090909090909091	0.6590909090909091
seq206	MLLSGPPGTGKTLLAKAIANECRVEFINVSGPEVSSKYVGESERNMRAVFTQAMAKKLPCVIFFDEIDSIAPKRKSDSTPESERVINQLLVEMDKGHVNHTGIVVIAATNKEDALDAALLRRRIERRVGLTG	ECCA2_MYCTU/369-505	MLLVGPPGTGKTTTAEALGKIYHPEIREVRRSDFCGHYIGESGPKTNELIEK--SLG--RIIFMDEFYSLIERHDGTPDMIGMEAVNQLLVQLETHRF---DFCFIGAGYEVDEFLTVNPLGRFNRKLRFE-	154.8	270.40025700889083	0.4393939393939394	0.8560606060606061	0.4393939393939394	0.9090909090909091	0.6666666666666666
seq167	MIMYGPPGTGKTLLAKAVAGESGVNFLNVSGPELANKFVAESEKNVRNIFEEARKAGTPSIIFIDEIDAIAAKRGNGGAEMMERATNQLMTELDGLDGAEDNVIVIAATNRPDAIDAALRPGRVDRKVHLSK	LON_RICPR/352-493	LCLIGPPGVGKTSLVKSIAEGMGRKYTKFSLGGVRDEYLGSMPGKILGQLKKIKTSN--PVMLLDEIDKMSS-------DFRGDPASALLEVLDPEQNSLSNVVFIATANSH-DLPRALS-DRMEKIY----	154.7	292.7297594649704	0.4318181818181818	0.8636363636363636	0.3939393939393939	0.9090909090909091	0.6666666666666666
seq197	MLLHGPPGCGKTLFAKAFANEASVPFFNISASEVLARYFGETGRNIRSIFEDARSSGYACVIFIDEIDSLAKKRTDNTGIDSDRVVNQLLAEMDDYKNTFKDVIIIGATNRVESIDPALRPGRFDHEVRIKL	RARA_COXBU/47-157	MILWGPPGSGKTTLAEIIAQKAGARVESISAVLA-------GVKDIRDVVERAERHKQATILFVDEVHGFNKSQ-----------QDAFLPHVEKGTI-----TLIGATTESFQLNNALL-SRTRV------	154.6	267.1401592823995	0.4621212121212121	0.8560606060606061	0.44696969696969696	0.9318181818181818	0.6742424242424242
seq133	MLLYGPPGTGKTYLAKAVANESKANFLNVSGPELISRWVGETERAIREVFAEARRMKGPCILFFDELDSLCKARGGSAEEAGKRLITVLLQEMDGMDVEVEGLMVLAATNKPDMVDPALIRGRFDRSLKLRG	ORC1_YEAST/475-621	IYVAGTPGVGKTLTVREVVKELQ-RYVEINGLKMVKPTWAASMESLEFYFKRVPKNKKTIVVLLDELDAMVTKS-----------QDIMYNFFNWTTYENAKLIVIAVANTMDLPERQLG-NKITSRIGFT-	154.4	291.1273710291086	0.44696969696969696	0.8560606060606061	0.42424242424242425	0.9166666666666666	0.7045454545454546
seq83	SLLYGPPGTGKTLLGKAIAGEAGVHFFSLTPSSILSRYVGESESKIRSLFQEAASLGSPSIVFIDEIDAILRRRNTNASGVRRQVVNEFLNQMDGMEVKGGNVIVLAATNRPDNLDEALRLGRFDRYLSIQG	PAN_METTH/188-321	VLLYGPPGTGKTLLAKAVAHETNATFIKIVASEFVRKYIGEGARLVRGVFELAKEKS-PSIIFIDEIDAVAAKRSTSGDREVQRTLMQLLAELDGFESR-GNVGIVAATNRPDILDPALLRGRFDRFIEVPL	154.2	277.54882944573023	0.4696969696969697	0.8484848484848485	0.44696969696969696	0.9090909090909091	0.7045454545454546
seq81	MLLYGPPGTGKTLIARAVANQAGVHFVSLTPATILSKYYGEGESKIRVLFQEAAGMGSSCIIFIDEIDAIARRRDTNASDSRRQVVNEFLQQIEGFTAKFGNVIVLAATNRPDNLDEALRLGRFDRYIGFQP	PRS6B_YEAST/209-341	VLLYGPPGTGKTMLVKAVANSTKAAFIRVNGSEFVHKYLGEGPRMVRDVFRLARENA-PSIIFIDEVDSIATKRQTGSDREVQRILIELLTQMDGFDQSTN-VKVIMATNRADTLDPALLRGRLDRKIEFP-	154.2	264.05244570480687	0.49242424242424243	0.8333333333333334	0.45454545454545453	0.9166666666666666	0.7196969696969697
seq64	MLLTGPPGTGKTLLAKALAGDAHVNFIPISGGELVSKWVGESERNIREIFEIAKARAAPSILFIDEIDSICKKREDGKELEVRRTVNQFLSELDGVHNNERRVVVLAATNREEIIDPALLPGRFEHKISFSA	CDAT_PLAF7/564-694	VLMHGIPGTGKTSIAKAIANESNAYCYIINGPEIMSKHIGESEQKLRKIFKKASEKT-PCIIFIDEIDSIANKRSKSNNELEKRVVSQLLTLMDGLKKN-NNVLVLAATNRPNSIDPALRRGRFDREIEIP-	154.0	284.7446657922864	0.44696969696969696	0.8560606060606061	0.4393939393939394	0.9166666666666666	0.6439393939393939
seq70	MLLYGPPGTGKTMIAKAIANECEVNFFSLSVSELISKWVGEAEKMIRNLFRQARGLGVPCIIFFDEIDALCRKRGGSDDEIQRRVVNQLLVEMDKNERELKDIVCVAATNFTSSIDQALLPRRFDRRLNFSF	P91638_DROME/286-419	LLLHGPPGCGKTFLARAISGQLKMPLMEIPATELIGGISGESEERIREVFDQAIGYS-PCVLFIDEIDAIGGNRQWASKDMERRIVSQLISSLDNLKANGQSVVVIAATTRPDVLDPGLRRGRFDHEIAI--	154.0	268.21957025059754	0.4621212121212121	0.8787878787878788	0.44696969696969696	0.9090909090909091	0.7045454545454546
seq65	MLLTGPPGTGKTLLARALAGEINVNFFSVNASSLISKWVGESERRIRELFTIAAAHAAPSIIFIDEIDSLGKKREGGVELEARRLVNQFLSQIDGVHNHLGKVVVLGATNREEEIDPALLPGRLEHRISFSA	G1SR03_RABIT/241-371	ILLYGPPGTGKTLIARAVANETGAFFFLINGPEIMSKLAGESESNLRKAFEEAEKNA-PAIIFIDELDAIAPKREKTHGEVERRIVSQLLTLMDGLKQRAH-VIVMAATNRPNSIDPALRRGRFDREVDIG-	153.6	285.43805995018266	0.4696969696969697	0.8409090909090909	0.4621212121212121	0.9090909090909091	0.6439393939393939
seq135	MLLCGPPGCGKTWLAKAVASECHVKFFTLNGPELVSKWVGESERNLREIFAEARRMPSPCIIFFDELDALAAKRSEDGTSQYKRVLNQMLTEMDGMNAGMSGVIVLAATNNIELLDAALRPGRFDREVHITT	ORC1_DROME/594-739	MYVSGVPGTGKTATVTGVIRTLQFEYLEINGMRLTEPSWEQAHALLEKRFTTA-PRRVTTVLLVDELDILCNRR-----------QDVVYNLLDWPTKSAAKLVVVTIANTMDLPERLLM-GKVTSRLG---	153.6	284.37793089423604	0.4696969696969697	0.8636363636363636	0.4393939393939394	0.9318181818181818	0.6590909090909091
seq87	MLLYGAPGTGKTHFAKAAANEGGVMFLKMSASSVLSKYVGESEKKVRDLFSEAARSGRKCVIFIDEIDAIGTKRSGDQSVVGDRVMTQMLTEMDGVDADNSRVLMIAATNRPDAIDDALLFGRFDRYIGLSL	FTSH4_ARATH/263-393	VLLVGPPGTGKTMLARAIAGEAGVPFFSCSGSEFEEMFVGVGARRVRDLFSAAKKCS-PCIIFIDEIDAIGGSRNPKDQQYMKMTLNQMLVELDGFKQNEG-IIVVAATNFPESLDKALVRGRFDRHIVVP-	153.3	273.38784386071063	0.4696969696969697	0.8787878787878788	0.45454545454545453	0.9242424242424242	0.696969696969697
seq86	MLLYGPPGTGKTHFAKAAANEAGVMFLKMSSSSVLSKYYGESERKVRDLFDEAARLNRKVIIFIDEIDAIGRQRQGEQSVEGSRVVTEMLTIMDGVDNDNSRCLVLGATNRPDAIDDALLRRRFDRYISISG	PAN_ARCFU/178-311	VLLYGPPGTGKTLLAKAVANQTRATFIRVVGSEFVQKYIGEGARLVREVFQLAKEKA-PSIIFIDELDAIAARRDTSGDREVQRTMMQLLAELDGFDPR-GDVKVIGATNRIDILDPAILRGRFDRIIEVPL	153.3	272.1054328664855	0.4772727272727273	0.8787878787878788	0.4621212121212121	0.9242424242424242	0.7272727272727273
seq68	MLLYGPPGCGKTMMAKAVASECNCAFFNAKGPELISMYVGESESKVRHIFREARQLNVPSIVFLDEIDAIGQIRSNEDDKRARRTVNQLLVEMDGNNDDLNNIICIAATNFTSSLDQALVEGRIDRRFYFSM	RIX7_YEAST/242-377	VLLHGPPGCGKTSIANALAGELQVPFISISAPSVVSGMSGESEKKIRDLFDEARSLA-PCLVFFDEIDAITPKRGGAQREMERRIVAQLLTSMDELTMEGKPVIIIGATNRPDSLDAALRRGRFDREICL--	153.2	260.56947673253023	0.48484848484848486	0.8484848484848485	0.4621212121212121	0.9166666666666666	0.6893939393939394
seq47	LLLLGPPGCGKTLLARAVATESKAPFFMTSASDLVTRWVGEGEARLRELFEDVKKLKKPCIVFIDEIDAICPRRGSGDEKNARRIVGQLLTEMDDGESKLEGIVVVAATKRPHTLDNALRPGRFDREIPVTE	CDC48_YEAST/524-657	VLFYGPPGTGKTLLAKAVATEVSANFISVKGPELLSMWYGESESNIRDIFDKARAAA-PTVVFLDELDSIAKARLGDAGGASDRVVNQLLTEMDGMNAKKN-VFVIGATNRPDQIDPAILRGRLDQLIYVPL	152.7	278.53018873015935	0.4772727272727273	0.8484848484848485	0.44696969696969696	0.9090909090909091	0.7121212121212122
seq75	MLLSGPPGCGKTLLAQAIANKCYLPFISIEVSTLLSKYYGEAERRVRQLFEKAREITPPCILFIDELDAFGSKRDKNETEISRRVVNQFLAEMEGMSRPSGQLIVLAATNRPEFIDTALLPGRFDRRISFSF	PRS6A_YEAST/218-351	-LMYGPPGTGKTLLARACAAQTNATFLKLAAPQLVQMYIGEGAKLVRDAFALAKEKA-PTIIFIDELDAIGTKREKSGDREVQRTMLELLNQLDGFSSD-DRVKVLAATNRVDVLDPALLRGRLDRKIEFPL	152.5	266.70321289030034	0.4696969696969697	0.8863636363636364	0.4621212121212121	0.9242424242424242	0.6818181818181818
seq200	MLLWGPPGCGKTLIAKACANESNTNFFNINGPEVFAKWVGEGERNVRKVFNEATEMGEPSVIFLDEVDSIGASRTEENGTVGEKVVSQLLTEMDGLEKTIQNIIILAATNKIDLVDKALLLGRIDREIHIGR	O31345_BACCE/115-244	MIFTGNPGTGKTTVARVVGDLLKGKLVEVDKSNLISPYAGQTPEKVREVFMSA--LG--GVLFIDEAYALSTDN------VGREAIDTLVKLVEDHRD---SVIVILAGYEMRDFLQANSLSRFPNDVYFP-	152.5	272.787976753069	0.4696969696969697	0.8484848484848485	0.4318181818181818	0.9166666666666666	0.6893939393939394
seq144	MMLYGPPGTSKTLIAKAAASKASAPFFSVSGPEFVDKWFGESESNVRNVFSKAAELESPCIIFIDEFDAIATKRIGSGKEGATRVLSQLLTEMNGLERKASKILVIGATNRPEAIDGALRRRRFDRRVHFIY	DPA44_BPR69/46-159	-LHSPSPGTGKTTVAKALCNDINAEMMFVNGSDCK---IDFVRGPLTAFARSVSMEGKPKVIVIDEFDRSGLAE----------SQRHLRTFMEEFSS---NCSIIITANNIDGIIEPLR-SRCRVI-----	152.1	272.9518313099977	0.4621212121212121	0.8712121212121212	0.4318181818181818	0.9166666666666666	0.6893939393939394
seq106	MLFFGPPGTGKTMLAKAIATEAGYTFIYINMSAVMSKWVGQSEQSLRTAFDETKKYQKPSIIFFDEIDAVSQKRESMDAANESRVVNQLLVELDHYEKTEGDVIVLGATNRIESIDPALRPGRFDRHIHFCI	FTSH1_ARATH/298-431	-LLVGPPGTGKTLLARAVAGEAGVPFFSCAASEFVELFVGVGASRVRDLFEKAKSKA-PCIVFIDEIDAVGRQRMGGGNDEREQTINQLLTEMDGFSGN-SGVIVLAATNRPDVLDSALLRGRFDRQVTVD-	152.0	265.14015252266387	0.4696969696969697	0.8636363636363636	0.4318181818181818	0.9242424242424242	0.6515151515151515
seq134	MLLCGPPGCGKTWLAKAVASECHVNFYSISGPELISKYYGESERKLREMFAEARRMPSPCIIFFDELDSVAANRAEGGTSQYDRVLNQMLVEMDGMNEESAGVVVLAATNNIEMIDPALRPGRFDREVKITT	ORC1_KLULA/467-613	IYIAGTPGVGKTLTVREVVKDLRFQYIEINGLKIVKATSGAAMESLEFYFNKVPATKRPIVVLLDELDALVSKS-----------QDVMYNFFNWATYSNAKLIVVAVANTLDLPERHLG-NKISSRIGFT-	151.8	281.4036296253032	0.45454545454545453	0.8636363636363636	0.4166666666666667	0.9318181818181818	0.6893939393939394
seq196	MLLHGPPGTGKTHIAKAVAGESGFPFLTLKGPEVLSMWMGEAEKKIRQVFTAASSFGEQVIIFIDEIDAIAPKREAGTDSESQRTVAQLLTEMDGFSSGDADVFIIAASNFPQAIDRALRQGRFDHEIHVTK	O48696_ARATH/140-257	IVFWGPPGTGKTSIAKSLINSSKYRFVS--LSAVT-----SGVKDVRDAVESAKRLNKRTVLFMDEVHRFNKSQ-----------QDTFLPVIEDGSI-----LFIGATTESFHLITPLL-SRCRV------	151.8	267.531508730492	0.4621212121212121	0.8484848484848485	0.44696969696969696	0.9166666666666666	0.6893939393939394
seq61	MLLHGPPGTSKTLLVKAAANEAEVNFFPINGPELLSKYIGESERKIRAIFRTARKYGQPSIIFFDEIDAIGAKRDDDPQDERNRVVSQLLVEMDGMDYNGRQVAVLAATNRPESIDEALLPGRFDRTIAFSI	CDCH_HALSA/226-356	VLLHGPPGTGKTLLAKAVANETSASFFSIAGPEIISKYYGESEQQLREIFEDAKDDS-PSIIFIDELDSIAPKREDVTGEVERRVVAQLLTMMDGLEGR-GQVIVIAATNRVDAVDPALRRGRFDREIEIG-	151.7	287.8565978497003	0.4318181818181818	0.8560606060606061	0.4166666666666667	0.9090909090909091	0.6818181818181818
seq166	MIMFGPPGTGKTLLAKAVAGQSGVNFLNLSGPELANKFAAESEKNVRNIFEEARKAGTPSIIFIDEIDAIAAKRENGGAEMGERATNQLMTELDGLDGATENVIVIAATNRPDDIDAALRPGRVDRKVHLSK	LON_CAUVC/348-489	LCLVGPPGVGKTSLGKSIAKATGREFVRMSLGGVRDEYIGSMPGKVVQSMKKAKTTN--AFVLLDEIDKMGSDY-------RGDPASALLEVLDPSQNSLSQVMFVTTANSLNMPQPLLD--RMEI------	151.7	282.2850570030598	0.45454545454545453	0.8560606060606061	0.42424242424242425	0.9090909090909091	0.6742424242424242
seq69	MLLYGPPGCGKTMMAKAVASECNCAFFNAKGPELISKYVGESESKVRHIFREARQLNVPSIVFIDEIDSIGQIRSNEDDKRARRVVNQLLVEMDGNNDDLNNITCMAATNFTSSLDQALVEGRIDRRLYFSM	NVL_HUMAN/301-434	VLLHGPPGCGKTLLAHAIAGELDLPILKVAAPEIVSGVSGESEQKLRELFEQAVSNA-PCIIFIDEIDAITPKREVASKDMERRIVAQLLTCMDDLNNVTARVLVIGATNRPDSLDPALRRGRFDREICL--	151.7	261.73406788940054	0.4696969696969697	0.8484848484848485	0.44696969696969696	0.9166666666666666	0.7121212121212122
seq52	MLLYGPPGTGKTLLARAAAAESDAKFLKVNCTEMVSRFWGETERNIRELFDLAKRVGQGCIVFFDEFDSIAPRREAGDDMAERQVTAQLLTEMDNFTRDLNGVLVIAATKRPFDLDSALRRGRFDREVEVTV	PEX6_YARLI/755-889	ILFYGPPGTGKTLLAKAIATTFSLNFFSVKGPELLNMYIGESEANVRRVFQKARDAK-PCVVFFDELDSVAPQRQGDSGGVMDRIVSQLLAELDGMSTAGEGVFVVGATNRPDLLDEALLRGRFDKMLYL--	151.6	275.3135467994546	0.4621212121212121	0.8484848484848485	0.44696969696969696	0.9242424242424242	0.7272727272727273
seq24	MLFAGPPGTGKTLTAKAIATKAQRPYFNLSISEITSPYIGESERRVRELFREAAKLPENAVIFFDEIDALSRSRRGGEGEATERTVNQLLTELDASNSKNSNVVVIGATNAPQRLDAALRSGRFDRNFHFPE	ATAD3_CAEEL/345-472	VMFYGPPGTGKTLFAKSLAQHSGLDYAVLTGGDIA-PLGRDGVSAIHKVFDWASKSRKGLIVFIDEADAFLQKRKNGMSEDTRAALNAFLFRTGEQSR---KFMLVVASNQPEQFDWAVN-DRFDQLVEFT-	151.5	255.72949678835124	0.5151515151515151	0.8636363636363636	0.48484848484848486	0.9166666666666666	0.6818181818181818
seq145	MLLYGPPGCSKTQIARAAAHKASAPFFSVSGPEFLTRWFGESEKNIRGVFSKATEIESPCIIFIDEFDAIATKRISSGKEEVERVLNTLLAEMDSVERKGNKMLVIAATNRPEQIDGALRRGRFDREIDIKM	RFC3_YEAST/49-169	LLFYGPPGTGKTSTIVALAREISNMVLELNASDDR--GIDVVRNQIKDFASTRQIFSGFKLIILDEADAMTNAA-----------QNALRRVIERYTK---NTRFCVLANYAHKLTPALL-SRCTRFRF---	151.5	271.06820974893185	0.4772727272727273	0.8636363636363636	0.44696969696969696	0.9090909090909091	0.696969696969697
seq154	MFIYGPPGVGKTMCAKAAAGEAQVNFVSLSVADFVSKWVGEGGKNLRQVFQEARQAKAPAILFIDEIDSIGAARGGGSENEGSRMVNEFLTEMDGLNVDLAGVIIIGATNRPDEVDPALRPGRFDKEIPVTK	LON_CAMJE/360-502	LCLYGPPGVGKTSLANSVSKALKRELIRIALGGLEDVYIGAMPGRITQGLIEAKQIN--PVIVLDEIDKLNRSF-------RGDPSAVLLEILDPEQNSLSKVIFIATANDISNIPAPLR-DRMEFI-----	151.1	269.17386201776304	0.49242424242424243	0.8484848484848485	0.4621212121212121	0.9242424242424242	0.6818181818181818
seq116	MLFYGPPGTGKTTAAKAIANQSKFNFIKVSASQIMSKWLGETEDNLREVFAEARTPGAPCVLFLDEVDAVFATRGGGETGDSRRTVNQILIEMDGLEREEKGILVLAATNRINALDPALIPGRFQRKIEFKG	PEX1_PICPA/519-653	-LLFGTSGSGKSLVISQVAQIVKGHFVKLNCDKI----MSESYNNLRGIFEDIFSEVAPSLLILEDLDSLIPAEEHSDSSQSRQLSEYFISKLSAQTIN-RDITILASSKSKESLNSLIFTHLIEH------	151.0	265.42076889974976	0.5075757575757576	0.8863636363636364	0.48484848484848486	0.9242424242424242	0.6439393939393939
seq13	MLLFGPPGVGKTLLAKAVATEAKVSFISLSGPEVLSRYFGESERNIRLVFRKARSTGGPCVLFFDEIDALGTSRGGGGSTQEKRIVNQFLSEMDGLSAELSGVIVLAATNYVDRLDAALLPGRFDRRLPLTD	TBP6_YEAST/507-647	MLLFGPPGTGKTMIAKAVATESNSTFFSVSASSLLSKYLGESEKLVRALFYMAKKLS-PSIIFIDEIDSMLTARSDNENESSRRIKTELLIQWSSLSSADSRVLVLGATNLPWAIDDAAR-RRFSRKLYIPL	150.7	288.200252002642	0.44696969696969696	0.8636363636363636	0.4166666666666667	0.9166666666666666	0.7045454545454546
seq199	MLLYGPSGCGKTLVAKAFANESGVNFYNINGSEVLARWVGETEKNVREIFNEATSMGWPCMIFIDEIDSLCKSRTSGNGSDDRTVVNQLLAGMDGFGRTFKGVVVIAATNDVDKVDAALRPGRFDREVHFTS	RARA_ECOLI/53-165	MILWGPPGTGKTTLAEVIARYANADVERISAVTSG-------VKEIREAIERARQNRRRTILFVDEVHRFNKSQ-----------QDAFLPHIEDGTI-----TFIGATTESFELNSALL-SRARV------	150.2	263.6385407453937	0.49242424242424243	0.8409090909090909	0.45454545454545453	0.9242424242424242	0.6893939393939394
seq198	MLLYGPSGCGKTMFVKAFANEAGVDFVNVKGSEVLARWVGETERRVRSIFNDATSSGMPCVIFIDEIDSLAKKRTDNSGSDVRQVVNQLLAGMDDFKRTFKDVVVIGATNRVESIDAALRPGRLEREVRITS	RARA_HAEIN/53-165	MIFWGPPGTGKTTLAEIIAQRINAEVERISAVTSG-------IKEIREAIDRAKQNRRKTILFVDEVHRFNKSQ-----------QDAFLPHIEDGTV-----IFIGATTESFELNNALL-SRARVY-----	150.1	254.9926001586934	0.49242424242424243	0.8484848484848485	0.4772727272727273	0.9090909090909091	0.7196969696969697
seq137	MLLFGPPGCGKTLLAKAVATESGVNFFKVSGQDIMGKWYGESERNLRAVFDEARLLGAPSIVFIDEIDSIARSRGGESLQLSRQVLNQFLTEMDGIEIERGEATVVAATNRPQAIDSALRERRFDREIIIKG	RCA_PHAVU/165-312	--VWGGKGQGKSFQCELVFAKMGINPIMMSAGELESGNAGEPAKLIRQRYREASDLIKMCVLFINDLDAGAGRLTTQYTVNNQMVNATLMNIADNPTNVNARVPIIVTGNDFSTLYAPLIRGRMEKFY----	150.1	283.64083903435346	0.4621212121212121	0.8636363636363636	0.4166666666666667	0.9090909090909091	0.7045454545454546
seq146	MLLYGPPGCSKTQIARAAAHKASAPFFSVKGPEFLTRWFGESEKNIRGVFSKATEIGSPCIIFIDEFDAIATKRISSGKEEVERVLNTLLAEMDSVERKGNKMLVIAATNRPEQIDGALRRGRFDREIDIKM	RFC4_CAEEL/51-177	LLFYGPPGTGKTSAALAFCRQLHDRVLDLNASDER--GIAVVRQKIQSFSKSSLGHSKLKIIILDEVDAMTREA-----------QAAMRRVIEDFSK---TTRFILICNYVSRLIPPVV-SRCAKFRF---	150.0	271.2671815924331	0.4772727272727273	0.8636363636363636	0.44696969696969696	0.9090909090909091	0.6893939393939394
seq205	MLLSGPPGTGKTLLAKAIANECRVPFINVSGPELVSKWVGESERNMRAIFTQAMKKKLPCVIFFDEIDTIAPKRESDGQIESERVINQLLVEMDKGHVEHSGIVVFAATNKEDAVDSALLPRRIERKIGLTV	ECCA3_MYCTU/381-514	-VFAGPPGTGKTTIARVVAKIYRENIREVHRADLIGQHIGETEAKTNAIIDSA--L--DGVLFLDEAYALVATG--AKNDFGLVAIDTLLARMENDRD---RLVVIIAGYRLDKFLDTNELSRFTRNIDFP-	150.0	262.4280962773708	0.45454545454545453	0.8712121212121212	0.44696969696969696	0.9090909090909091	0.6893939393939394
seq50	MLLYGPPGCGKTLLARAAAAESKAKFFSINGAEMVSRFWGETERNIRELFDLAKRVPRPCIVFFDQIDAIAPRRGGGDEVRERQVTNQFLTEMDNFDSDLNGVLVIAATKRAWALDSALRRGRFDREVEFTV	PEX6_RAT/738-870	LLLHGPPGTGKTLLAKAVATECSLTFLSVKGPELINMYVGQSEENVREVFARARAAA-PCIIFFDELDSLAPSRSGDSGGVMDRVVSQLLAELDGLHST-QDVFVIGATNRPDLLDPALLRGRFDKLVFVG-	149.9	275.3067478779062	0.4772727272727273	0.8560606060606061	0.44696969696969696	0.9242424242424242	0.6818181818181818
seq85	SLLYGPPGTGKTHFAKAAANEANVMFKAMSASSVLSKYYGESERKIRDLFDQAARLNRPSIIFIDEIDAIGRQRQTEQSVVGSRVKTEMLVQMDGVSRDNSRILVLGATNRPDAIDDALLRRRFERYISITG	PAN_METJA/207-340	ILLYGPPGTGKTLLAKAVATETNATFIRVVGSELVKKFIGEGASLVKDIFKLAKEKA-PSIIFIDEIDAIAAKRLTGGDREVQRTLMQLLAEMDGFDAR-GDVKIIGATNRPDILDPAILRGRFDRIIEVP-	149.9	280.19393571532095	0.45454545454545453	0.8636363636363636	0.45454545454545453	0.9090909090909091	0.7348484848484849
seq157	MLFTGPPGTGKTMLAKAIASVCKAHFFTVSGSSITAKWLGETEKNLREIFRQAQAAGMPAIVFIDEFDAISRGRSDSLENFERRMVNELLTEMDEVNKDTDGIVIIGATNRPEAVDPALRPGRFDHEVKFKL	LONM_MAIZE/451-593	ICLSGPPGVGKTSIGRSIARALNRQFYRFSVGGLADVYVGAMPGKMVQCLKSVGTAN--PLVLIDEIDKLGKGH-------SGDPASALLELLDPEQNVLSKVLFVCTANVIEMIPNPLL-DRMEII-----	149.8	269.84425449862454	0.5	0.8636363636363636	0.4772727272727273	0.9090909090909091	0.6439393939393939
seq31	MLLLGPPGTGKTLIGKAVAGETNRIFVNVSGSEFMSMYVGESERHVRAIFDLAKRFAAKTIIFVDEIDALCRSRESSAHLAEQRVVGQLLAEMDAMDSSASNVVVIGATNRADAIDPALRPGRFDKHFECIW	ARC_STRCO/269-417	VLLYGPPGCGKTLIAKAVANSLKSFFLNIKGPELLNKYVGETERQIRLVFQRAREKATPVIVFFDEMESLFRTRSGVSSDVENTIVPQLLAEIDGVEGLQN-VVVIGASNREDMIDPAILRGRLDVKIKIER	149.8	270.85504396196217	0.4772727272727273	0.8939393939393939	0.42424242424242425	0.9166666666666666	0.7045454545454546
seq151	AILSEPPGTGKTLLAKAVAGESGVNFFSLSGSEFISKWLGEGEKTIRQVFAEARKAGAPSIVFIDEMDALAPKRDGSSSAEARRLLNQLLAEMDGLEAAVSGVLVLGATNRPDMVDVALRRRRFDREIPMSI	RFC1_DROME/483-611	-LLSGPPGIGKTTTATLVVKELGFDAVEFNASDTRSKSTLLSNKSLSGYFTGQ-GQARKHVLIMDEVDGMAGNE-------DRGGMQELIALIKDSSI-----PIICMCNDRNHPK----------------	149.7	296.09183831427487	0.44696969696969696	0.8560606060606061	0.4166666666666667	0.9166666666666666	0.6818181818181818
seq141	MLMFGPPGCGKTLLAKAAATESGLNFYSVSTPEFAGKYVGESEGNLRKIFDEACKLDTLSIIFFDEIDSIAPSRDGNQDQSDKRTVSELLTEMDGIRQLAGNVIVLAATNRPEIIDGALRPGRFDKEMEIKM	YCF46_PORPU/262-391	LLLVGIQGTGKSLTAKAIANDWTLPLLRLDIGKLFGGLVGESESRMREMVTIAEGLS-PCVLWIDEIDKAFSNLSQGDSGTSARVFGTFITWLSEKTT---PVFVVATANTIQNLPSEMLRGRFDEIFFLD-	149.6	275.7756334696232	0.45454545454545453	0.8636363636363636	0.42424242424242425	0.9166666666666666	0.7045454545454546
seq25	MLFAGPPGTGKTLTAKAIAGKTQRPYFNLSASEITSKYIGESERHVREIFREARKLGENAIIFIDEIDALSMSREGSEDEAGERTVNQLLAELDASNTKNSNVVVMGATNAPMDIDAALRPGRFDRNFHFEY	Q9ZPW5_ARATH/388-515	MMFYGPPGTGKTMVAREIARKSGLDYAMMTGGDVA-PLGAQAVTKIHEIFDWAKKSNKGLLLFIDEADAFLCERSTYMSEAQRSALNALLFRTGDQSR---DIVLVLATNRPGDLDSAVT-DRIDEVIEFPL	149.4	256.52116859165926	0.5227272727272727	0.8636363636363636	0.4772727272727273	0.9090909090909091	0.6666666666666666
seq177	MLLHGPPGTGKTSIGLAIATEAGATFVSISASDIEAQWIGDSERRIRKVFSTARALQRPAVIFLDEIDALGASRTGRSRTEGERTKNQLLVEMDGVSQDLGKVLVIGATNRIEAIDPALRAGRLDHEVAITC	RUVB_SYNY3/77-202	LLLYGPPGLGKTTLALILAEEMQVRCKITAAPALE------RPRDITGLLLALQ----PDILFIDEIHRLNRLT-----------EELLYPAMEDFRLDLAHFTLVGATTKVGSLTSPLR-DRFGLIQR---	149.3	272.6983868054629	0.5075757575757576	0.8560606060606061	0.48484848484848486	0.9090909090909091	0.7196969696969697
seq48	LLLHGPSGCGKTLLARAVATESKAHFVMTSASKLVERWVGESEARIRELFEDVKSLPSPCIVFIDQIDTICPRRGSGDEKNERRIVNQLLTEMDDFGSKLEGILVVAATKRPWALDNALRPGRFDREIEVTV	CDC48_SOYBN/518-651	VLFYGPPGCGKTLLAKAIANECQANFISVKGPELLTMWFGESEANVREIFDKARQSA-PCVLFFDELDSIATQRVGDAGGAADRVLNQLLTEMDGMSAKKT-VFIIGATNRPDIIDPALLRGRLDQLIYIPL	149.2	274.75005263007097	0.4772727272727273	0.8712121212121212	0.44696969696969696	0.9166666666666666	0.7196969696969697
seq126	MLFYGPPGTGKTLTAKAIAGEAKVPFTTRSGSEFISKWYGETEKNMRAVFKKARQYGKPSVVFIDEIEAIGSSRGGDGGMSVERVLNQVLTEMDGVGNKEERVLVLAATNRVEIIDPAIRRGRFEFYIEFTR	AATP4_ARATH/234-353	-LLYGPSGTGKSSFVAAMANFLDYDVYDIDLSKVV------DDSDLKMLLLQTRGK---SVIVIEDLDRHLSTK------STAVNLSGILNFTDSILSSDERIMVFTMTGK-EQIDPAMLRGRVDVHIHFPL	149.0	275.7337186093197	0.4696969696969697	0.8939393939393939	0.45454545454545453	0.9318181818181818	0.6742424242424242
seq155	MFIYGPPGVGKTMCAKAAAGEAQVNFVSLSVADLVSKWVGEGGKNLRQVFQEARQAKAPAILFIDEIDSIGAARGGGNENEGSRMVNEFLTEMDGLNVECAGVIILGATNRPDEVDPAIRPGRFDKEIEVTK	LON_HELPJ/363-505	LCFYGPPGVGKTSLANSIAKAIERPLVRIALGGLEDVYIGSMPGRIVQGLIEAKKMN--PVMVLDEIDKVDRSV-------RGDPASALLEILDPEQNILSQVIFIATANNIDRIPAPLR-DRMEFI-----	149.0	268.17205632378307	0.5	0.8560606060606061	0.4772727272727273	0.9166666666666666	0.6893939393939394
seq158	MLLYGPPGTGKTMLATALAAESGNHFETLSGSTLLSKFMGESENNVREVFEKARKDNIPTILFFDEIDSIGGSRSESNGGGGNRILNQLLTEMDGVSPPLTDVLVLGATNRPHSLDPALLPGRLDRLLEITV	LONM_CAEEL/508-651	LCFHGPPGVGKTSIAKSIATALNREYFRFSVGGMTDVYVGAMPGKMIQCMKKVKTEN--PLVLIDEVDKIGGAG------FHGDPASALLELLDPEQNALSRVLFICTANEISKIPGPLR-DRMEM------	148.4	283.9025932514002	0.44696969696969696	0.8636363636363636	0.42424242424242425	0.9166666666666666	0.6742424242424242
seq127	MLFYGPPGTGKTLTAKAIAKEAKVPFTSRRGPEFMEMFYGESEKNMRSIFKKARQYGKPCIVFIDEIDSIGSRRGGDGKMSVERVLNQVLAEMDGIGQKEERISFLAATNRVEIIDPALRRGRFDFYVEFDR	Q20755_CAEEL/246-375	-LFYGPPGTGKSSFISALASHFGYSVCLLSLSERT-----LDDDRLNHLLNTAPPN---SVVILEDIDAAFVSRHPAYQGLSRVTFSGLLNALDGVACAEE-RLTFMTTNYVERLDPALIRGRVDRKQYFG-	147.8	279.96130000273956	0.4621212121212121	0.8939393939393939	0.4318181818181818	0.9318181818181818	0.6818181818181818
seq108	MLLFGPPGTGKTLIAKALAGEAEIPFFKISASDLMTKWVGESEKNLKTIFKEAAASSKPSIIFFDEIDAFGRKRGDEDATAVRRTVTEFLTEMDGYNASIFGVFVIAATNRPNDIDDALRKGRFDLEVEATS	FTSH1_SYNY3/247-380	VLLIGPPGTGKTLLAKAIAGEAGVPFFSISGSEFVEMFVGVGASRVRDLFKKAKENA-PCLVFIDEIDAVGRQRYGGGNDEREQTLNQLLTEMDGFEGN-SGIIVIAATNRPDVLDLALLRGRFDRQVTVD-	147.8	279.59989124486924	0.48484848484848486	0.8560606060606061	0.4621212121212121	0.9166666666666666	0.6363636363636364
seq160	MLLYGPPGTGKTMLANALAAEAGLHFVNLSASALVSKYMGESENNVRKIFEDAKRFGKSIIVFFDEIDAIGGGRGNGGGDEGRRFMNQLLTEMEETEVPEGRVVVLAATNRPEILDPALLPGRFDRLLELQG	LONM_YEAST/628-771	ICFVGPPGVGKTSIGKSIARALNRKFFRFSVGGMTDVYIGALPGRVVQALKKCQTQN--PLILIDEIDKIGHGG------IHGDPSAALLEVLDPEQNNLSKVLFVCTANSLETIPRPLL-DRMEVI-----	147.7	271.94826583030203	0.4696969696969697	0.8863636363636364	0.44696969696969696	0.9166666666666666	0.6818181818181818
seq201	MILHGPPGCSKTLTAKAIANETGFCFITINAGSMVSKWVGESERAVREIFRKARENNSPAVIFFDELDSLGSSRDGGLGLERRRVTAQLLTEMDGLEDTMEHVVVLAATNRIDLIDPALRPGRLDREIAFGE	SP5K_BACSU/95-227	MMFKGNPGTGKTTVARLIGKLFKGHLIEAERADLVGEYIGHTAQKTRDLIKK--SLG--GILFIDEAYSLARGG---EKDFGKEAIDTLVKHMEDKQH---EFILILAGYSMDHFLSLNPLSRFPISIDFP-	147.6	284.2186981790333	0.4166666666666667	0.8636363636363636	0.4015151515151515	0.9318181818181818	0.6666666666666666
seq23	MLFTGPPGTGKTLTAKAIATKSQRPYFNLSISEITSPYVGESERNVRELFREAGRLGGNALIFFDEIDALSRSRRGGEGEATERTVNQLLTELDASNSKNSNVVVIGATNAPQRLDAALRSGRFDRNFHFPE	PRS2_METTM/160-289	VLFHGSPGTGKTMLAKSLANELRVPLYLIKATSLIGEHVGDGARQIHELYELASKTA-PSVIFIDEMDAIGLDRFQSLRGDVSEVVNALLTEMDGINQNWG-VVTIGATNNPELLDNAIR-SRFEEEIEFK-	147.2	255.11225629512086	0.5075757575757576	0.8560606060606061	0.4772727272727273	0.9166666666666666	0.6818181818181818
seq84	SLLYGPPGTGKTHFAKAIAGEANVMFKAMSASSVLSKYYGESERKIRDLFDEAARDNRPSIIFIDEIDAIGRQRNTESSVVGSRVKTEMLVQMDGVERDMSGIIVLAATNRPDALDAALLPRRFDRYISVTG	PAN_PYRHO/177-310	VLLYGPPGCGKTLMAKALAHEVNATFIRVVGSELVRKYIGEGARLVHELFELAKEKA-PTIIFIDEIDAIGAKRTTGGEREVNRTLMQLLAEMDGFDPR-GNVKVIAATNRPDILDPALLRGRFDRLIEVPL	146.9	275.59203204935994	0.4696969696969697	0.8636363636363636	0.45454545454545453	0.9090909090909091	0.7045454545454546
seq119	MLLYGAPGTGKTFAAKCIAEQLGVEFRSVSATDIMSKWVGETEKNLSAVFSEARKPEAPCVLFIDEVDSIGAARGGTSTGEVRRILNQLLIEMDAFERDENRIVCIAATNRLNTIDEALVRSRLDRYICFTG	PEX6_RAT/466-595	VLLQGPPGSGKTTAVTAACSRLGLHLLKVPCSSLCADSSRTVETKLQTTFSRARRCR-PVVLLLTALDLLGRDR--DGLGEDARVVATLRHLLLDEDPLCPPLMVVATTSRVQDLPTDVR-TAFPHELEVP-	146.8	254.85857720648553	0.5378787878787878	0.8787878787878788	0.5	0.9090909090909091	0.7045454545454546
seq193	MLLYGPPGCGKTMIAKAAATETGATFTSASSSDLTSKWLGQSEAKIRKLFNTACEEGKPSILFLDEIDSIARSRTAHNSLEGRRVIATFLTEMDGADAEYSGVVVMGATNRPEALDPALRGGRFDRIHEITV	Q9ZAT2_STRMG/10-118	MILYGPPGIGKTSIASAIAGTTKFAFRTFNATTDT-------KKRLQEIAEEAKFSG-GLVLLLDEIHRLDKTK-----------QDFLLPLLENGQI-----IMIGATTEFFSVTPAIR-SRVQI------	146.8	273.36460684915215	0.4696969696969697	0.8560606060606061	0.45454545454545453	0.9166666666666666	0.6666666666666666
seq62	MLLHGPPGTSKTLLVKAAATEAEVNFFPISGPELLSKYIGESERKIRAIFQTARKYGQPSIIFFDEIDAIGAKRDDDPQDERNRVVSQLLVELDGMDYNGRQVAALAATNRPESIDEALLPGRFDRTIDFSI	SAV_SULAC/249-379	ILLYGPPGTGKTLLARALANEIGAYFITVNGPEIMSKFYGESEQRIREIFKEAEENA-PSIIFIDEIDAIAPKREDVTGEVEKRVVAQLLTLMDGIKGR-GRVIVIGATNRPDAIDPALRRGRFDREIEIR-	146.7	281.14192775878143	0.44696969696969696	0.8636363636363636	0.42424242424242425	0.9166666666666666	0.6818181818181818
seq32	MLLLGPPGTGKTLIARAVAGESNRIFVNVSGSEMMSMWIGESERHVRKIFDKARRFSAKTIIFVDEIDALCRSRESDHHLAEQRVVGQLLAEMDAMDSGASGVVVIGATNRADAIDPAIRPGRLDKHFECSW	A0A0E4A8A6_RHOER/271-421	VLLYGPPGCGKTLIAKAVANSLKSYFLNIKGPELLNKFVGETERHIRMIFQRAREKATPVIVFFDEMDSIFRTRSGVSSDVETTVVPQLLSEIDGVEGLEN-VIVIGASNREDMIDPAILRGRLDVKIKIER	146.5	268.8555168268119	0.4772727272727273	0.8863636363636364	0.44696969696969696	0.9242424242424242	0.6818181818181818
seq77	MLLFGPPGCGKTLLAKAVANECGVNFYSLTVAKILHKWFGESEQNIRNLFEEAKESGSSCVLFFDELDAFCRERGTNEETRREQIVGEFLNLIEGLDRRYSGVIVLAATNRPDNIDWALRPGRFDRRIDISF	F1MLV1_BOVIN/170-303	-LLYGPPGTGKTLLARAVASQLDCNFLKVVSSSIVDKYIGESARLIREMFNYARDHQ-PCIIFMDEIDAIGGRRGTSADREIQRTLMELLNQMDGFDTL-HRVKMIMATNRPDTLDPALLRGRLDRKIHID-	146.4	251.7198646412446	0.5075757575757576	0.8484848484848485	0.4621212121212121	0.9318181818181818	0.6818181818181818
seq192	MLLYGPPGCGKTMIAKAAATETGANFTSASSSELMSKWLGESEAKIRKIFNTACEEGKPSILFFDEIDAIGKSRTAHNSLDGRRVIATFLDEMDGADAEYSKVVVMGATNRPEALDPALRGRRFSHIVEITS	LON2_BACSU/93-267	VIVYGPPGVGKTAAARLVLEEAKKHFVELDATTARDEYQGAGAMGQAGIPQP-KQGAAHGVLFIDEIGELHPIQ-----------MNKMLKVLEDRKVFPADFRLIGATTRPNEIPPAIR-SRCLEVFFRE-	146.2	265.4940857219645	0.49242424242424243	0.8560606060606061	0.45454545454545453	0.9242424242424242	0.6590909090909091
seq156	MLLVGPPGVGKTMLARAVANEIGANFYSLSVGSLASKYIGDSGRNLRQLFQIAAQAGSPSIIFIDELDSLCGKRSGGPDNGGVRMVNQFLTELDGMNHQIANVIIIGATNRPSAIDEALRPGRLDQEVLVRK	LONM_SCHPO/574-716	MCLVGPPGVGKTSVGKSIASALNREFFRFSVGGLTDVYIGAMPGKIVQALKKVQTEN--PLILIDEIDKVGKSH-------QGDPASALLELLDSEQNSVSSVLFVCTANTIDTIPPPLL-DRMEVI-----	146.1	266.90007754208534	0.49242424242424243	0.8409090909090909	0.4696969696969697	0.9090909090909091	0.6363636363636364
seq12	MLLTGPPGTGKTLLARAVATESGFNLIRIDGPDVVEKFIGESEKKLREAFAEAARLGTGVILFIDEIDTLASKRSGSGDDSARRLVSQLLMEMDGLRSELDGVLVLAATNHPELLDAALRPGRFDRMYQMSY	ALF1_SCHPO/415-554	MLLFGPPGTGKTMLARAVATEAKATFFSISASSLTSKYLGDSEKLVRALFEVAKRQT-CSVIFVDEIDSILSARSGNEHESSRRLKTEFLIQWSSLTNASPRVLVLAATNLPWCIDEAAR-RRFVKRTYIPL	146.1	279.69371333699746	0.48484848484848486	0.8560606060606061	0.4318181818181818	0.9090909090909091	0.6439393939393939
seq190	MLFYGPPGCGKTMIVKAVASATDANFTSVKSGELMSKWLGESEKRIRKLFNTACALAKPSILFFDEIDAIGKSRRSENSLRGSDVIATFLDEMDGLDAEYSKIVVIGATNRPEELDPALRPRRFSHEIEITS	CLPB_RICPR/203-342	-VLIGAPGVGKTAIIEGLAQRINCRIIELDIGALIAQYRGEFEKRLKAVLSEIKESSGEIILFIDELHLLVGTG---KVDGAMDASNLLKPMLARGEL-----HCIGATTLR--------------------	146.0	262.2652971400421	0.5075757575757576	0.8636363636363636	0.45454545454545453	0.9166666666666666	0.6818181818181818
seq40	MLLYGPPGTGKTFLAKALAHESGVNFLNMNASELMSKWVGESEKVLQKVFKEVRALQSPCIVFFDEIDAIAKRRDEGGGDGSDRIVGQILADVDNFGSGIEGVLVVAATNRPDAVDPALRPGRFEREVKVSC	RIX7_YEAST/570-700	VLLWGPPGCGKTLLAKAVANESRANFISIKGPELLNKYVGESERSIRQVFTRARASV-PCVIFFDELDALVPRRDTSLSESSSRVVNTLLTELDGLNDRRG-IFVIGATNRPDMIDPAMLRGRLDKSLFIE-	145.9	274.0722067341278	0.49242424242424243	0.8636363636363636	0.44696969696969696	0.9166666666666666	0.7121212121212122
seq194	MLLYGPPGTGKTMAAKALATELNATFTRFQSSDLTYKYLGQSEEAIRKLFNTACEEGKPSIVFLDEIDAIARSRTAHNSLESRRVIAILLTELDDAAAKYSGVVVIGATNRIEALDPALRGGRFDRILEITV	Y2559_MYCTU/68-180	VILYGPPGSGKTTLAALISQATGRRFEALSALSAG-------VKEVRAVIENSRKALEQTVLFIDEVHRFSKTQ-----------QDALLSAVEHRVV-----LLVAATTESFSVVAPLL-S----------	145.8	257.19003696389746	0.48484848484848486	0.8484848484848485	0.4621212121212121	0.9015151515151515	0.6893939393939394
seq178	MLLHGPPGVGKTSIGKAIATEAGATFVSISAADIATKWIGDGERRIRSVFSTARALGRPCVIFLDEMDGLAASRTGRSRTEGNRTKNQLLSEMDGVSQDLGKVLVVGATNRIEAIDPALRAGRLDHEVDITC	RUVB_RICPR/53-178	-LFYGPPGLGKTTLAKIISNEIGGNFKSTAGPAII------KAADLASILTNLEKN---DVLFIDEIHRLNTLV-----------EEVLYSAMEDFELDLPKFTLIGATTRFGLISNPLR-DRFGIPM----	145.8	264.2689598508126	0.5378787878787878	0.8560606060606061	0.48484848484848486	0.9090909090909091	0.7196969696969697
seq186	MLLHGPPGCGKTMLAKCVASHVGAPLVRLTLSDLMDKWLGESEKRIREAFDRLVKSPSPSMVFLDEFDSIGKKREGGNDEVGSRALQTFLTEMDRLDDEGEGVVVIGATNRPESLDPAILRRRFGHKIHIDS	RUVB_THETH/41-167	LLLFGPPGLGKTTLAHVIAHELGVNLRVTSGPAIE------KPGDLAAILANSLEEG--DILFIDEIHRLSRQA-----------EEHLYPAMEDFVMDLPRFALIGATTRPGLITAPLL-SRFGIVEHL--	145.7	255.68184818537148	0.5378787878787878	0.8787878787878788	0.5075757575757576	0.9318181818181818	0.7196969696969697
seq191	MLLFGPPGCGKTMIVKAVAKATDANFTSASSSELMSKWLGESEAKIRKLFNTACELGKPSILFFDEIDAIGKSRGSENSLHGSDVIATFLDEMDGLDAEYSKVVVIGATNRPEELDPALRPRRFSHEIEITS	CLPB_HELPY/200-338	-ILLGEPGVGKTAVVEGLAQRLNKRVIALDLSLLVAKYRGEFEERLKKVIEEVKKSA-NVILFIDEIHTIVGAG---ASEGGMDAANILKPALARGEL-----HTIGATTLY--------------------	145.6	262.9318548521321	0.5075757575757576	0.8409090909090909	0.4621212121212121	0.9166666666666666	0.6818181818181818
seq59	ILLHGPPGTSKTMLAKAIAAEANVNFISLNGPQILNKWVGESEKMIRELFREARKYGGPSIIFFDEVDSIAPRRRNDPQMERRRVVAQLLMQMDGIDYHGHGIAILAATNRPESIDPALLPGRVDKTIAVTK	TBP7_CAEEL/428-563	VVFYGPPGTGKTLVARALANECKVAFFMRKGADCLSKWVGESERQLRLLFDQAYAMR-PSIIFFDEIDGLAPVRSSKQDQIHASIVSTLLALMDGLDGR-GEVVVIGATNRLDTLDPALRRGRFDRELRFS-	145.5	280.87191546765763	0.4393939393939394	0.8636363636363636	0.4166666666666667	0.9090909090909091	0.6818181818181818
seq55	MLLQGPPGTGKTALAKAAAAESDAVFIKVDCIEMFSKWVGESERNVRELFSLARKVGGPCIIFFDEFESLCPKRGDGPSMEQERVLAQVLEQMDGLTRDLRGVLVIAATNRPSDLDPALIRGRFDRKVAVTS	O27676_METTH/514-646	ILLHGSPGTGKTLLAKAVANESQANFIAVKGPELLSKWVGESEKGVREVFRKARQTA-PTVIFFDEIDSIASVRSTADSGVTQRVVNQLLTEIDGLEELQD-VAVIAATNRPDILDPALLRGRFDRHVKVE-	145.4	275.33071647046455	0.44696969696969696	0.8560606060606061	0.4166666666666667	0.9166666666666666	0.7121212121212122
seq140	MLMFSPPGSGKTLLAKAASTESEINFYSVSGQGLMGKWVGESERNLRKIFDDACKLNEPSIIFMDEIDSIAPSRGDNSDQGDRRVVNEFLTEMDGIAQGTGNVTVIAATNRPQAIDAALRPGRFDREIYIKS	YCF46_TRICV/262-391	LLLIGIQGTGKSLTAKAIATEWQLPLLKLDVGRLFGGIVGESESRLRQMIDVAETLS-PCILWIDEMDKAFSNNSRGDSGTSNRVLATFISWLSEKTK---PVFVVATANNVDLLPLEIIRGRFDEIFFLD-	145.0	270.08859541122655	0.44696969696969696	0.8712121212121212	0.42424242424242425	0.9242424242424242	0.696969696969697
seq58	ILLHGPPGTSKTMLAKAAAAEANAHFISLNGPQILNKWVGESEKNIRELFREAREVGGPSILFIDEVDALAPKRRNDPSMERRRVVAQLLMQMDGIARHLHGIAIMAATNRPESIDPALLPGRVDKTVAVTK	YHI5_SCHPO/409-544	VLFHGPPGTGKTLMARVLAANCKISFFLRKGSDCLSKWVGEAERQLRLLFEEARRVQ-PSIIFFDEIDGLAPIRSSKQEQTHSSIVSTLLALMDGLDTR-GQVVVIGATNRPNDLDPALRRGRFDREFYFPL	144.7	278.6563060465892	0.44696969696969696	0.8560606060606061	0.4166666666666667	0.9090909090909091	0.6666666666666666
seq88	MLLYGAPGTGKTHFAKAAANEGGVMFLKMNASSVLSKYVGESEKKVRDLFSEAARHGKKVVIFIDEIDAIGTKRGGDDSVVVDRVMTQMLTEMDGVDADNSRVLMIAATNSPWAIDDALLFGRFDRYLGLSF	YME1_SCHPO/303-437	VLLTGPPGTGKTMLARAVAGEANVPFFFMSGSQFDEMYVGVGAKRVRELFAAARKQA-PSIIFIDELDAIGQKRNARDAAHMRQTLNQLLVDLDGFSKNAHPVVFIGATNFPESLDPALTRGRFDRHIHVPL	144.6	258.9023811096616	0.48484848484848486	0.8636363636363636	0.4621212121212121	0.9242424242424242	0.7196969696969697
seq26	MLFLGPPGTGKTLTAKAIAGKTQRPVFNLSASQLTSKYIGESERHIRELFREAKQLGENAFIFIDEIDALSMSREGSTDEAGKRTVNQLLAEMDASNTKLSNVVVMGATNAPMDVDAALRPGRFDRNFHFSY	O29773_ARCFU/201-330	LLFIGPPGTGKTTTARALSKKLYLPLLEVKLSMITSQYLGETSKNIEKIFDIARMMS-PCILFIDEFDYVAKMRTSDEHAAIKRAVNTLLKSIDDINLVEDGVLLIAATNHPSLLDPAVW-RRFDKVIEFP-	144.2	249.90395278919496	0.5378787878787878	0.8712121212121212	0.5	0.9166666666666666	0.6666666666666666
seq103	MLLYGPPGCGKTMVAKAIANECGCKFLTVSASKLLSKWFGETENNIREVFKNAKSKIMPVVLFLDEVDAISEKRESEDAAVGARVVTTMLAGLDHYDETIEPIIVIAATNNPDQIDGALRPRRFDRRSRCRT	FTSH_TREPA/177-309	VLLVGPPGTGKTLLARAVAGEASVPFFRISGSDFIEMFVGIGASRVRDLFKQAREKA-PGIIFIDELDAIGKSRAIHSNDEREQTLNQLLVEMDGFDNTTG-LILLAATNRPDVLDPALLRGRFDRQVCVD-	144.1	242.14033272370926	0.5151515151515151	0.8333333333333334	0.5075757575757576	0.9242424242424242	0.6666666666666666
seq121	MLLYGPPGTGKTFCAKAIAEQLHVPFVSVSPTGIFSKWIGESEKNISAVFSDARRHGTPSIIFIDECDALGGKRGGDETKSVRRILNQLLRELDGLDELEGRIIVITATNRLESIDEALVTRRFDKYLELVC	PEX6_SCHPO/425-554	-LLHGNPFTGKTKAVEEVASLFSAPVFTISSYEFADATADHLEAKLDMFVQNVVKSP-CAIIFVKDLDVLSISSDEGNIVPGSKSIQILLSKIDLVKSPQGRYIVIGTCHSIEKIPYEILSSFFEL------	144.0	256.87451884102734	0.5227272727272727	0.8863636363636364	0.4772727272727273	0.9090909090909091	0.6666666666666666
seq125	MLFYGPPGTGKTLTAKAVAGEAKVPFTTRSGSEFISKWYSETEKNMRAIFEKARTHGKPSIIFIDEFEAIATARGGDGGMSVLRTLNQVLTELDGVKSKEGRVLVLAATNRVEILDPALRRGRFEFYFGFTL	O83350_TREPA/346-472	-LISGPIGTGKSFMVSAFAGEIGIPMVRLCNFQAT--QPGITQSNLEKTLNILKALT-PVAVMVDEADAVFGRR--NAPAGESRIFAQIAGFMGNTQHR-GNIIWFLITSRPDLLPIDLKRGRAEEHL----	143.8	266.29322137631243	0.4621212121212121	0.8863636363636364	0.45454545454545453	0.9242424242424242	0.6666666666666666
seq138	MLMFGPLGCGKTLLAKAAATESEANFFKVSGQDIMGKAYGESERHLRAVFDEARLLNAPSIIFIDEIDSIAKSRGSNSLQLSRRVLNQFLTEMDGIAIERGEVTVVAATNRPQAIDSALREGRFDREIIIKY	Q57264_9SYNC/143-275	MLILGVPGCGKSLIAKTTSRLWGLPLLRLDMGRVYGSMVGRSEANLRNALKTAESIS-PAILFIDELDKAFAGGGDSDGGTSSRIFGSFLTWMQEKTS---PVFVMATANRVDRLPGEFLRGRFDEIFFVD-	143.8	278.1529909261669	0.44696969696969696	0.8712121212121212	0.4090909090909091	0.9166666666666666	0.7121212121212122
seq78	MLLFGPPGCGKTLIAKAVANECGVNFYSLTPAKILHKWVGESEQNIRNLFEEAKGSGSSCILFIDEIDAFGRMRSTNEETVRAQIVGEFLNLIEGLDRRYPGVIVLAATNRPDNIDWALRPGRFDRRIDISA	PRS10_YEAST/218-351	VLLYGPPGTGKTLLAKAVAATIGANFIFSPASGIVDKYIGESARIIREMFAYAKEHE-PCIIFMDEVDAIGGRRGTSADREIQRTLMELLTQMDGFDNL-GQTKIIMATNRPDTLDPALLRGRLDRKVEIPL	143.7	254.10782462261267	0.48484848484848486	0.8484848484848485	0.45454545454545453	0.9090909090909091	0.6818181818181818
seq79	MLLFGPPGCGKTLIAKAVANECGVNFYSLTPAKILHKWVGESEQNIRNLFEEAKGSGSSCILFIDEIDAFGRMRSTNEETVRAQIVGEFLNLIEGLDRRYPGVIVLAATNRPDNIDWALRPGRFDRRIDISA	A4FUZ3_BOVIN/222-355	VILYGPPGTGKTLLAKAVANQTSATFLRVVGSELIQKYLGDGPKLVRELFRVAEEHA-PSIVFIDEIDAIGTKRNSGGEREIQRTMLELLNQLDGFDSR-GDVKVIMATNRIETLDPALIRGRIDRKIEFPL	143.7	254.10782462261267	0.48484848484848486	0.8484848484848485	0.45454545454545453	0.9090909090909091	0.6818181818181818
seq139	MLMFSPLGCGKTLLAKAAATESEANFYKVSGQGLMGKWVGESERHLRAIFDDACKLNEPSIIFIDEIDAIAKSRGDNSSQLDRRVLNQFLTEMDGIAIGRGNVTVIAATNRPQAIDSALRPGRFDREIKIKY	YCF46_GUITH/278-407	LLLVGIQGTGKSLTAKSIANEWNLPLLKLDVGRLFGGIIGESEARVRQMIQFAETIS-PCILWIDEIDKAFTGSFNNDSGTTKRVFGTFITWLSEKKS---PVFVVATANNIDSLPPELLRGRFDEVFFIG-	143.6	273.4030779046222	0.4393939393939394	0.8712121212121212	0.42424242424242425	0.9166666666666666	0.6893939393939394
seq150	AILSEPPGTGKTLLAKAVAGECCVNFFSLSGSEFISKWLGEGEKNIRQVFAEARKAGAPSVVFIDEMDALAPKRDGSSSAEARRLLNQLLAEMDGLSAASPGVLILGATNRIDMVDVALRPRRFDREIPMSI	RFCL_METJA/42-159	ILLVGPPGCGKTTLAYALANDYGFEVIELNASDKR------NSSAIKKVVGHAATSSKKFLIVLDEVDGISGKE-------DAGGVSELIKVIKKAKN-----PIILTAND---------------------	143.4	282.18749896058534	0.4772727272727273	0.8560606060606061	0.45454545454545453	0.9166666666666666	0.6742424242424242
seq142	MLLSGPPGCGKTTLARGVAGEAGAPFYNIKGPELISKWSGESEANVRKFFQDARKYGTIAILFIDEIESIGSGRGGHAKMEEQKVKAQMLSEMDGISDGMQSTIVIAATNRIDIIDEALRPGRFDREMFMTD	Q55174_SYNY3/262-391	LLLAGIQGTGKSLTAKAIAHHWHLPLLRLDVGRLFGGLVGESEARTRQMINLAEALA-PCVFWIDEIDKAFGSMSHGDGGTTSRVFGAFITWLAEKTS---PVFVVATANNVQSLPPELLRGRFDEIFFVG-	143.3	249.50715647374108	0.5	0.8560606060606061	0.4772727272727273	0.9166666666666666	0.6893939393939394
seq195	MLLYGPPGTGKTMAAKALATELNLTFTRFQSSDLTYSYMGQSEEAIRKLFNETREEGKPSIVFLDEIDAIARSRTAHNSYESRRVIAILLTELDDLTEKYSGVMVFGATNRIEAIDPALRGGRFDRILSMTS	O69490_MYCLR/64-176	-ILHGPPGCGKTTLAALISQATGHRFEALSALSAG-------VKDVRAVLKIARSALKRTVLFIDEVHRFSKTQ-----------QDALLSAVENRVV-----LLVAATTESFSVVAPLL-SR---------	143.1	244.2574956438099	0.5227272727272727	0.8409090909090909	0.48484848484848486	0.9090909090909091	0.7121212121212122
seq173	MLLSGPPGTGKTLLAKALAFESAMYFFQVSATHIFDKWVGESERNIRTLFQEARRASHPTILFLDEIDSLGPRRGKPNDPYMDRVVAQFLIEMDGFDDKLGNVLVAGATNRPDNIDQALRDGRLDYEVQLRV	LON1_BACSU/350-492	LCLAGPPGVGKTSLAKSIAKSLGRKFVRISLGGVRDEYVGAMPGRIIQGMKKAGKLN--PVFLLDEIDKMSS-------DFRGDPSSAMLEVLDPEQNSLSKVLFIATANNLATIPGPLR-DRMEII-----	142.7	266.7668705239785	0.4772727272727273	0.8787878787878788	0.4696969696969697	0.9090909090909091	0.696969696969697
seq112	MLLHGPSGTGKTLICRAVATKCKVNFISLSASEFLSKYYGESEKLLRKLFVQAIKYGSPCILFIDEIDSLAPRRKQDDPEVDTRVKTQFLHELDNYTGTMTKAMVMATTNYPNTLDVALRRGRFDRALRFKW	FTSH_AQUAE/191-325	VLLYGEPGVGKTLLAKAIAGEAHVPFISVSGSDFVEMFVGVGAARVRDLFETAKKHA-PCIIFIDEIDAVGRARVGGGHDEREQTLNQLLVEMDGFDTSDG-IIVIAATNRPDILDPALLRGRFDRQIFIP-	142.4	245.0811706050456	0.5303030303030303	0.8712121212121212	0.4772727272727273	0.9090909090909091	0.7045454545454546
seq34	MLLSGPPGTGKTLSARALAGECNAIFVSVSASEMMSMWRGETEKNIRKLFDKVRRLGRPTIIFVDEIDALGGRRENGQGDALSRVVGQLLTEMDGMESLPAGVMVVAATNRADQIDPAFRPGRLDKYFQFSC	NSF_DICDI/260-401	MLLYGPPGTGKTLIARQIGKMLNREPKVVSGPSILNKYVGQSEENIRMLFRDAEIEQGLHIIIFDELDAICKSRRQGDSGVGDSVVNQLLAMIDGVESL-NNILVIGMTNRKDMIDEALLRGRLEVHVEIS-	142.3	265.2431279044518	0.4772727272727273	0.8712121212121212	0.4621212121212121	0.9090909090909091	0.696969696969697
seq43	MLLHGPPGTGKTLLAKAIAGEAGLPFISLSASEIFHKWVGEGERVVREIFQAAHELSEAAIVFVDEIDAIGSKRGDGHEAVGKRVVGQLLTEMDDFALGLEGIKVVAATNRPHLVDEALRPGRFDHELRVGW	NVL_HUMAN/618-748	VLLAGPPGCGKTLLAKAVANESGLNFISVKGPELLNMYVGESERAVRQVFQRAKNSA-PCVIFFDEVDALCPRRSDRETGASVRVVNQLLTEMDGLEARQQ-VFIMAATNRPDIIDPAILRGRLDKTLFVG-	142.3	274.79320544779	0.4696969696969697	0.8560606060606061	0.44696969696969696	0.9090909090909091	0.6666666666666666
seq27	MLLLGPPGTGKTLTAKAIAGKTNRPVFNLSASMLVSKYIGESERHIRELFREAKLLGNNAFIFIDEIDALSMSREGSTSEAGKRTVNQLLAEMDASNTLLSNVVVLGATNRPMDVDVALRPGRFDRIFEFSY	Q46766_ECOLX/127-253	-LMGGPPGVGKTLAAKWLAFKLDMPLLTLDLASVMSSYLGKTGNNIKAVLNYASSF--PCVLLLDEFDAIAKKRDATDVGELKRLVTVLLQAIDEWPN---TSVLIAATNHAELLDPAAW-RRFDRVIDFE-	141.9	260.3186609100882	0.5151515151515151	0.8636363636363636	0.4696969696969697	0.9166666666666666	0.6818181818181818
seq28	MLLLGPPGTGKTLTAKAIAGKTNRPVFNVSASMFHSKYLGESERHIRSLFDTAKLKGAKAFIFIDEIDALSMSREGSTREAEKRTRNQLLAELDASNNAMSNVVVIGATNRPMDLDVALRPGRFDRHFEFSY	Y4KL_SINFN/121-247	MLFCGPPGCGKTLCAEIFAAELGLPLFRVKLDRLISSYLGETATNIRKTFEFARKQ--PCVLFFDEFDALARTRDSGEHNELRRVVNSLLLFIDNMQP---KGFLIAATNLDRSLDAAIW-RRFDEVLWFD-	141.7	254.7586282520766	0.5	0.8787878787878788	0.48484848484848486	0.9166666666666666	0.6742424242424242
seq92	MLLYGPPGCGKTHTAEAACNEIGVEFFKMSRSSLVSKWVGESSRNIRNLFDNADYYKKKAIIFLDELDSIGKERHSDDAYQAHQTVTQLLSEMDGVDRDLDRLLVIGATNRTDALDDAIIHRRFDRRLWWAT	YMEL1_MOUSE/317-448	ILLVGPPGTGKTLLARAVAGEADVPFYYASGSEFDEMFVGVGASRIRNLFREAKANA-PCVIFIDELDSVGGKRESPMHPYSRQTINQLLAEMDGFKPNEG-VIIIGATNFPEALDNALIRGRFDMQVTVPR	141.5	235.1005482270066	0.553030303030303	0.8409090909090909	0.5075757575757576	0.9242424242424242	0.7272727272727273
seq49	LLLYGPSGCGKTLLARAVATESKANFLETSGAALVERWWGESEARIRELFEEGKSLPSPCIVFIDQIDAICPRRGSGDEKNERRQVNQLLTEMDDFGSLLEGLLVVAATKKAWALDNALRPGRFDREIEVTV	D0A2X0_TRYB9/503-634	VLFYGPPGCGKTLLAKAIATECQANFISIKGPELLTMWFGESEANVRDVFDKARAAA-PCVLFFDELDSVARSRHSGDGGASDRVINQILTEMDGMNSKKN-VFIIGATNRPDVLDPAVMRGRLDQLIYIPL	141.3	269.76848309693946	0.49242424242424243	0.8712121212121212	0.45454545454545453	0.9318181818181818	0.7272727272727273
seq60	MLLHGPPGTSKTMLVKAAAAEADVNFFPVNGPEILAKWVGESERKIRELFRESRKGSGPSIIFFDEVDAIAAKRRNDPQGERNRVVAQLLVQMDGRDYHGHGIAILAATNRPESIDPALLPGRFERTLAVTK	VAT_THEAC/227-357	VILYGPPGTGKTLIARAVANESGANFLSINGPEIMSKYYGQSEQKLREIFSKAEETA-PSIIFIDEIDSIAPKREEVQGEVERRVVAQLLTLMDGMKERGH-VIVIGATNRIDAIDPALRRGRFDREIEIG-	141.3	269.29354965802514	0.4621212121212121	0.8484848484848485	0.4393939393939394	0.9166666666666666	0.7045454545454546
seq22	MLLYGPPGTGKTTLAEAIATECSVSFLSLSMADLASKIIGETEQQLRNFFNELTRYGEKMVIFLDEIDAIGTKRDGAGDMEGERVVSELLVELDGYKSDYKNCMVIGATNRPQLVNEALRPRRFDFELKLSL	PRS2_METJA/157-286	VLFYGPPGTGKTLMARALATETNSSFILVKAPELIGEHVGDASKMIRELYQRASESA-PCIVFIDELDAIGLSRYQSLRGDVSEVVNALLTELDGIKENEG-VVTIAATNNPAMLDPAIR-SRFEEEIEFK-	141.3	239.24983417071277	0.5454545454545454	0.8712121212121212	0.5227272727272727	0.9166666666666666	0.6818181818181818
seq20	MLVYGPPGVGKTLLSKAIAAELKMPFVSISGSSVIRKWFGEGEKNIRQAFNHARTEGGPAIIFFDEFDALVKTRRDGDTGTATQVVTQLMAELDGIKVGGQDVLVIAATNRPETLDQAVLPRRLDRKIEFLN	MSP1_YEAST/129-257	VLLYGPPGCGKTMLAKALAKESGANFISIRMSSIMDKWYGESNKIVDAMFSLANKLQ-PCIIFIDEIDSFLRERSSTDHEVTATLKAEFMTLWDGLLNN-GRVMIIGATNRINDIDDAFL-RRLPKRFLVS-	141.2	248.00698289472845	0.5	0.8636363636363636	0.5	0.9090909090909091	0.6742424242424242
seq33	MLLFGPPGTGKTLLARAVAGECNRIFVSLSGSEMMSMWRGESERHIRKVFDKARRLSRKTIIFVDEIDALCGKRESQHHLAEQRVVGQILLEINGMDSLAGGVMVIGATNRADAIDPAIRPGRLDKYFSFSC	SEC18_YEAST/277-418	LLLYGPPGTGKTLIARKIGTMLNKEPKIVNGPEILSKYVGSSEENIRNLFKDAEAEYSLHIIIFDELDSVFKQRRGDGTGVGDNVVNQLLAKMDGVDQL-NNILVIGMTNRKDLIDSALLRGRFEVQVEIH-	141.2	256.5269100008038	0.49242424242424243	0.8863636363636364	0.4696969696969697	0.9242424242424242	0.6818181818181818
seq80	MLLHGPPGCGKTLLGKAVANQCKVNFVSLTPATILSKWYGEGEKNIRNLFEEAAGAGSSCILFIDEIDALGRRRGTNAEQERAQVVGEFLQLIEGLDAAIPGVIVLAATNRPDNIDEALRPGRFDREITISP	P91025_CAEEL/220-353	VILYGEPGTGKTLLAKAVANSTSATFIRATGSDLVQKQSGEGARLVRQIFQMAKEQA-PSIVFIDEIDAVGTKRSSRGEQEVQRTLLELLNQLDGFESR-GDVKIIMATNRIDSLDPALIRGRIDRKIELP-	140.9	260.4999759654821	0.5075757575757576	0.8560606060606061	0.48484848484848486	0.9166666666666666	0.7045454545454546
seq120	MLLYGAPGTGKTFCAKAIAEQLGVPFVSVSGTGIMSKWVGQSEKNISAVFSDALRHDTPSLIFIDECDALGVKRGKEENFAVRRILNQLLRELDGFDRLEGRIVLITATNRLETIDEALVTSRFDKYFEFVG	P96281_MYCTU/250-370	VLVSGPAGVGKATLVRAVCDG--RRLVTLDGPEIGALAAGDRVKAVASAVQAVRHEG--GVLLITDADALLPAA-------AEPVASLILSELRTAVAT-AGVVLIATSARPDQLDARLRSELCDRELGLP-	139.8	244.48609071676103	0.5378787878787878	0.8712121212121212	0.5	0.9090909090909091	0.6893939393939394
seq54	MLLQGPPGTGKTALAKAAAAEADAKFLKVDCIEMFSKWVGESERNVRELFSLARKVGSGCIVFFDEFESLCPKRGAGPSMLEERVLAQVLEQMDGLTRDLRGVLVIAASNRPSDLDPALIRGRFDRKVAVTV	CDCH_HALSA/499-630	VLLYGPPGTGKTLMAKAVANETNANFISVRGPQLLSKWVGESEKAIRQTFRKARQVA-PTVIFFDELDSLAPGRQTGGNNVSERVVNQLLTELDGLEEMEE-VMVIAATNRPDIIDPALIRGRFDRLVQVG-	139.3	265.26890774604436	0.4772727272727273	0.8560606060606061	0.44696969696969696	0.9318181818181818	0.7272727272727273
seq123	MLFYGPPGCGKTFLARAVANERGQPFFTLSSGEFFSKWYGETEKNIRSFFSDARRHGKPSIIFIDECDAIFGKRGNEGGMTARRTVNQLLLEIDWVNTDENRILCITATNRLESFDEALVPRRFDVYTGFAH	YCF2_MARPO/1400-1545	ILLIGPIETGRSYLIKNLAAESYVPLFKISINKLLNKILIESLRRLNLTLDFAKKMS-PCIIWIQNIHQLNVNRTQNVESDPTFLLGILLKYFQTDFSKKNNIIVIGSTHLPKKVDPALISNRLDKIINVR-	139.0	237.27360445775878	0.5303030303030303	0.8787878787878788	0.5	0.9242424242424242	0.6666666666666666
seq189	MLLYGPPGCGKTMIVKAVASAVDAHFTRLTLGDLMSPWLGESEKRIRDFFDTACKLGKPSILFFDEIDSIGKRRESENSLRGSDVIATFLDEMDGLDVEYSKTVVIGATNSPEELDPALRPRRFGHVIEITS	O51774_BORBU/199-337	-MLIGEPGVGKTAIVEGLASSIDKTILMLKVSNLVTKYRGEFEDRLNNIIKYIEKNK-NTIIFIDEIHTLIGAG---NSEGALDASNILKPSLSRAEI-----QIIGATTYYISKDKAFA-RRFQ-------	138.7	241.80217852110226	0.5303030303030303	0.8484848484848485	0.49242424242424243	0.9090909090909091	0.696969696969697
seq42	MLLYGPPGTGKTLLAKALAGETGMKFLSMSASEIMSKWVGESERVIREIFSEARRLQEPAIVFLDEFDSIAKRRGEGGNDGSDRVVGRILTEVDNFGLNIEGVKIVAATNRPHDVDPALRPGRLESELELSI	P91638_DROME/698-830	VLLCGPPGCGKTLLAKAIANEAGINFISVKGPELMNMYVGESERAVRACFQRARNSA-PCVIFFDEFDSLCPKRGGDGNNSGTRIVNQLLTEMDGVEERKG-VYILAATNRPDIIDPAILRGRLDTILYVG-	138.5	271.0127728898401	0.49242424242424243	0.8560606060606061	0.4696969696969697	0.9318181818181818	0.7045454545454546
seq115	MLLHGPPRTGKTLLGRAVATKAGIVLYSISASELTSKWFGESERAIRKTFVEARKLKRPCIVLFDEIDAVAKKRKQDETHEDERLVNQFLTEMDEESMSESGLLVVGATNKPWILDTALRPGRFDHQFAIKW	PEX6_YARLI/473-598	-LHSAKRGVGKSTVLRSVAAQCGISVFEISCFGLIGDNEAQTLGTLRAKLDRAYGCS-PCVVVLQHLESIAKKS--DQDGKDEGIVSKLVDVLADYSG--HGVLLAATSNDPDKISEAIR-SRFQFEIEIG-	138.5	247.1925697476098	0.5227272727272727	0.8636363636363636	0.49242424242424243	0.9318181818181818	0.7045454545454546
seq15	MLLYGPPGTSKTLLAKAAATEAGINFFNVDMSGVIGKWVGESERNIRRVFAEAKTCEAPCLLFFDELDSLGGKRGGEGGERISRVLDQLLTEMDGLDTIGGEVLVIGATNRPQDVDPALRARRLTHVFPCSS	FIGL1_CAEEL/352-482	VLLFGPPGTGKTMIGRCVASQCKATFFNISASSLTSKWVGEGEKLVRALFSVARLKL-PSVIFIDEIDSLLSSRSESEHESSRRIKTEFLVQLDGVNTADERLLVLGATNRPQELDEAAR-RRFQKRLYIA-	138.3	264.08654300736424	0.5	0.8787878787878788	0.45454545454545453	0.9166666666666666	0.696969696969697
seq148	MLLYGPPGCGKTSLAKAAATRTNTHFFSTIASEMMDKWVGEGAKTIRGKFEKATENGVPCILFFDEFDSIGVRRQGLTDAETERLKTTILVEMDEKEYNLNEIIVIAATNLPDVLDNALRGGRFDEEIYVTM	RFC4_HUMAN/74-202	LLFYGPPGTGKTSTILAAARELRLRVLELNASDERIQVVREKVKNFAQLTVSGSRSDPPKIVILDEADSMTSAA-----------QAALRRTMEKESK---TTRFCLICNYVSRIIEPLT-SRCSKFRFK--	138.2	241.93916073922193	0.5	0.8484848484848485	0.48484848484848486	0.9166666666666666	0.696969696969697
seq185	MLFYGPPGTGKTMLAKAVANEVGAAFFSLNLSELMSSWLGETEKRIRLLFDYLAKHGSPAMVFFDEIDAIAKDRELGGSEVGSSMLSTLLTELERLDVNGENVIVMGATNRREALDDAMLRRRFGREVPISA	RUVB_BORBU/60-185	VFLSGPPGLGKTTLASIIAFEMNASIKITSAPAFD------KPKDIIGILTGLDEKS---VLFIDEIHRLRPII-----------EEMLCIAMEDYELDLPKFTLIGATTKPGKVTSPLY-ARFGITARFE-	138.2	260.15167830550564	0.5075757575757576	0.8560606060606061	0.49242424242424243	0.9318181818181818	0.7121212121212122
seq29	MLLLGPPGTGKTLIANAVAGKTNRPFFNVSASMFLSKYLGESERHIRALFDTAKLFGAKAFIFIDELDALSMSREGSEREAEKRTRNQLLAELDASNHAFSNVVVIGATNRAMDLDPALRPGRFDRHIECIY	AFG2H_MOUSE/664-796	VLLYGPPGCSKTMIAKALANESGLNFLAIKGPELMNKYVGESERAVREIFRKARAVA-PSIIFFDELDALAVERSSGAGNVADRVLAQLLTEMDGIEQLKN-VTVLAATNRPDRIDKALMRGRIDRIIYVPL	138.1	255.75288675772651	0.49242424242424243	0.8636363636363636	0.4696969696969697	0.9242424242424242	0.6666666666666666
seq122	MLFYGPPGCGKTFLARACANTRGQPFFNLSSSEIFSKWYGESEKNISAFFSDARRHGKPSIIFIDECDALGSKRGNTGGMTVRRTVNQLLTELDGVDELEERIICITATNRLESIDEALVPRRFDRYVGFVC	YCF2_PINTH/1373-1527	ILLIGPMGTGRSYLVKSLAADSYVPLIRISLKKLWGEFVKDKMEDFHITLELAKRMS-PCIIWIPNIHELNLNDFGFTDLFLSVLMNNLFRFRDGEKDSMRNILVIASTHIPQRVDPALIANRLDRSINIR-	138.1	252.1498282528344	0.5075757575757576	0.8712121212121212	0.5	0.9318181818181818	0.6666666666666666
seq93	MLLYGPPGCGKTHLVKAACNELNVELFKMDRSALCSKYIGETARNIRNLFDNADYYGKKCIVFFDELDSIAKERHGDDANRAHQVVNQLLSELDSYYRDLDQVLVIGATNRPSAVDDALLHRRMERRLWWAR	YME1_SCHMA/202-333	VLLVGPPGVGKTLLAKAVSGEAQVPFLYASGSSFDEVLVGLGASRIRQLFTTAKQNS-PCLVFIDEIDSVGGNRFSPHHPFANQTINQLLAEMDGFQSKEG-IIVLGATNQAEVLDKALLRGRFDVQIHVS-	138.0	227.25547709029857	0.5378787878787878	0.8560606060606061	0.5378787878787878	0.9242424242424242	0.7272727272727273
seq11	MLMHGPPGTGKTMLAKAAAGELDFPLIIINGPEVWSKFVGESERNLRSAFLEAQRMGAPCIVFIDEIDAIGSQRGGSDNHSSRALTNTILTEMDSLTASFPNMVVIAAANLDHSIDPALRDGRLDREIRLTL	O64691_ARATH/139-271	ILLFGPPGTGKTMLAKAVATECNTTFFNISASSVVSKWRGDSEKLIRVLFDLARHHA-PSTIFLDEIDAIISQRGRSEHEASRRLKTELLIQMDGLQKTNELVFVLAATNLPWELDAAML-RRLEKRILVP-	137.9	262.16140841164105	0.48484848484848486	0.8560606060606061	0.4772727272727273	0.9318181818181818	0.6818181818181818
seq114	MLLHGPPRTGKTLLGRAVATKAGVNLYSVSFSELTSKWFGESERLIRKLFVAARKLDAPCIILLDEIDAVGLKRKQDETHEDKRLVSQFLTEMDEESMSESGLLVIGATNKPESLDVALRPGRFDHQFAIKW	PEX6_YEAST/479-620	-LHSTTNNVGKATMVRFASKYLGIHLLEIDCLSLTNSRQLDSTSKIIGYIRAKCE-NSPAVIFLAHLDSILLDVNANQDPEAIKLQKEMSKLLDDFTFKFPGTTFVGSVNNIDNVPSSFRSMRFEILVPV--	137.6	252.43850628299924	0.5227272727272727	0.8636363636363636	0.48484848484848486	0.9166666666666666	0.7045454545454546
seq105	MLLFGPPGCGKTLVAKAIATEAGLKFLYISASKVLSKYVGQSERNVREVFKKTKSFQMPVILFFDEIDAVSEKRESMDAAHGDRVLTCLLAELDHYEKTKTDVIVLAATNRPVSIDGALRPGRFDRRSPCCL	FTSH4_SYNY3/210-345	VLLVGPPGTGKTLLAKAAAGEAGVPFFIISGSEFVELFVGAGAARVRDLFEQAKKQA-PCIVFIDELDAIGKSRFMGGNDEREQTLNQLLTEMDGFSAAGATVIVLAATNRPETLDPALLRGRFDRQVLVD-	137.3	253.26751099261733	0.4772727272727273	0.8712121212121212	0.4393939393939394	0.9242424242424242	0.6590909090909091
seq188	MLLYGPPGTGKTMIVKAVASHVDAHFTRLTLSDLMDKWLGESEKRIRDIFDTSLKLGKPSMLFIDEIDSVGKKRESENSLVGSRTIATFLTEMDGLDVEPSGTVIIGATNSPESLDPAIRPRRFGHVIEITS	RUVB_BACSU/56-181	VLLYGPPGLGKTTLASIVANEMGVELRTTSGPAIE------RPGDLAAILTALEPG---DVLFIDEIHRLHRSI-----------EEVLYPAMEDFCLDLPPFTLVGATTRVGLLTAPLR-DRFGVMSR---	137.0	243.71988720118733	0.5303030303030303	0.8712121212121212	0.49242424242424243	0.9318181818181818	0.6818181818181818
seq187	MLLYGPPGTGKTMIVKAVASHVDAHLVRLTLSDLMDKWLGESEKRIREAFDTLLKLGKPSMLFIDEFDSIGKKREGGNDVVGSRAVQTFLTEMDGLDVEPEGTVIIGATNSPESLDPAILPRRFGHRIEITS	RUVB_THEMA/54-179	VLLAGPPGLGKTTLAHIIASELQTNIHVTSGPVLV------KQGDMAAILTSLERG---DVLFIDEIHRLNKAV-----------EELLYSAIEDFQIDIQPFTLVGATTRSGLLSSPLR-SRFGIILEL--	136.9	240.87179907619358	0.5378787878787878	0.8787878787878788	0.5	0.9318181818181818	0.6893939393939394
seq91	MLLYGPPGCGKTHTAEWACNEIGVMFFKMSRSSLVSKWVGESSRNIRNLFDNADKIKKKAVIFLDEMDSIAARRSSDDASQAHQTVTQLLVEMDGVDRDLDRHLVIGATNRTDALDDAILMGRFMRKLWWAT	YME1_CAEEL/284-415	VLLVGPPGTGKTLLARAIAGEAQVPFFHTAGSEFDEVLVGQGARRVRDLFDKAKARA-PCIIFIDEIDSVGSKRSNSIHPYANQTINQLLSEMDGFTRNEG-IIVIAATNRVDDLDKALLRGRFDVRVTVP-	136.5	232.13068223560015	0.553030303030303	0.8560606060606061	0.5227272727272727	0.9242424242424242	0.7348484848484849
seq183	VLLHGPPGTGKTLTAKAAAGEAGAPFFSISAGDLASKWIGESERRIRELFRTAADIDRPAMVFFDEIDAVGADRYLPGRTEGNSMLNQLLSEMDGLNVDGIKMTVLGATNLPERLDPALRRRRFDREVDISP	RUVB_CHLTR/53-178	-LFYGPPGLGKTSLAHIMANTIGKGLVIASGPQLL------KPSDLIGLLTGLQEG---DIFFIDEIHRMGKAA-----------EEYLYPAMEDFKVDLAPFTLVGATTRAGMLSEPLR-TRFAF------	136.5	271.7427748969846	0.4621212121212121	0.8712121212121212	0.4393939393939394	0.9090909090909091	0.7348484848484849
seq147	MLLHGPPGCSKTTLARLAAHKTSTPFFSISASEMMDRWVGEGPSNIRGKFEKATEFEVPCILFFDEFDAISTRRIGLSKAEEERLKNTFLSEMNKTEIAGNKITVIAATNLPDVLDPALRRGRFDEEIYVTM	RFCS_ARCFU/41-161	LLFSGPPGTGKTATAIALARDLRDNFIEMNASDER--GIDVVRHKIKEFARTAPIGGAPKIIFLDEADALTADA-----------QAALRRTMEMYSK---SCRFILSCNYVSRIIEPIQ-SRCAVFRF---	136.4	234.21437884246603	0.5151515151515151	0.8484848484848485	0.48484848484848486	0.9318181818181818	0.6893939393939394
seq89	MLLYGAPGTGKTHFAKAAANEGGVMFLKMNPSSVLSKYVGESERKLRDLFSNAAEMGKKVVIFLDEIDAIGTKRSGDDSVRAARVMTQMLTEMDGVDADNSRVLMIAATNRTWAIDDALLFGRFMRYLGLSF	YME1_YEAST/317-447	VLLTGPPGTGKTLLARATAGEAGVDFFFMSGSEFDEVYVGVGAKRIRDLFAQARSRA-PAIIFIDELDAIGGKRNPKDQAYAKQTLNQLLVELDGFSQT-SGIIIIGATNFPEALDKALTRGRFDKVVNVD-	136.3	243.47455213463206	0.5227272727272727	0.8712121212121212	0.5	0.946969696969697	0.7045454545454546
seq102	MLLYGPPGVGKTMLALAIASECGCKFLTVSASKLLSKWFGETENNIREVFKNAKQKIMVVVLFLDEVDALSGKRESEAAAVGARVVTTMLAGLDHYDDTILPTIVIAATNNPDQIDGALRTRRFDRRSRCRT	YTA12_YEAST/384-518	-ILSGPPGTGKTLLAKATAGEAGVPFYFVSGSEFVEMFVGVGAARVRDLFKTARENA-PSIVFIDEIDAIGKARFSGANDERENTLNQMLVEMDGFTPADH-VVVLAGTNRPDILDKALLRGRFDRHINID-	135.7	235.19920700017644	0.5303030303030303	0.8333333333333334	0.5151515151515151	0.9242424242424242	0.6742424242424242
seq124	MLFYGPPGCGKTFLARAVANEAGVPFTTRSGAEFFSKYYGETEKNMRKFFSDARRHSKPSIIFFDEFDAIFGKRGNEGGMTDRGTENQVLLEIDGVNTDENRVLCITATNRPEIFDEALVPRRFDFYSGFTH	YJOB_BACSU/223-337	ILLYGPPGNGKTTLVKSIAGSIDAPVAYWQITEFT------SSETIEEVFQAARRLA-PAVLVIEDIDSMPED-----------VRSFFLNTLDGATSKEG-LFLIGTTNYPEEIDPGLMRGRFDRAYEIG-	135.6	241.3999370971169	0.5378787878787878	0.8939393939393939	0.48484848484848486	0.9242424242424242	0.6590909090909091
seq184	VLLYGPPGTGKTMLAKAAASEVGAPFFSLNLSEVMSSWLGETEKRIRLLFDYLADHDRPAMVFFDEIDAIGADRELGGGEVGNSMLNQLLTELEGLNVNGENVTVMGATNRREALDAALRRRRFGREVDISG	RUVB_TREPA/59-184	-FLIGPPGLGKTTLAHITACELGVECKVTGAPALD------KPKDLAGILTALSER---SVFFVDEIHRLKPAI-----------EEMLYIAMEDYELDLPPFTLIGATTRAGMVSSPLI-SRFGIVERFE-	135.5	266.0555591378936	0.5	0.8787878787878788	0.4696969696969697	0.9318181818181818	0.7272727272727273
seq113	MLLHGPPRTGKTLLCRAVATKAGVNLYTVSFSELTSKYFGESERLIRKLFVEARKYDAPCIILIDEIDSLALKGKQDEPHEDKRLKTQFLTEMDEESMTCTKLMVIGATNKPNSLDVALRPGRFDHQFAFKW	Q9ZME9_HELPJ/198-328	VLLVGPPGVGKTMIAKALASEARVPFFYESGSAFSQIYVGAGAKKVHELFMHAKKHA-PSIIFIDEIDALGKARGGHRSDEREATLNQLLTEMDGFLQN-DEVVVIGATNQMEVMDEALLRKRFDRRIFIS-	135.4	237.3253416376622	0.5378787878787878	0.8409090909090909	0.5151515151515151	0.9090909090909091	0.6893939393939394
seq104	MLLFGPPGCGKTLVAKAIATEAGLKFLYISASKLLSKWVGQSERNVREVFKKTKSFIMPVILFFDEIDAVSESRESPDAAHGDRVVTCLLAELDHYEKTKTDIIVLAATNRPVSIDGALRPGRFDRRSPCCL	FTSH_HELPY/206-341	VLLVGPPGTGKTLLAKAVAGEAHVPFFSMGGSSFIEMFVGLGASRVRDLFETAKKQA-PSIIFIDEIDAIGKSRVVSGNDEREQTLNQLLAEMDGFGSENAPVIVLAATNRPEILDPALMRGRFDRQVLV--	135.1	250.85055020049577	0.49242424242424243	0.8636363636363636	0.45454545454545453	0.9242424242424242	0.6590909090909091
seq41	MLLYGPPGCGKTLLAKALAGEAGMKFLSMYASEIMSKWVGESERVIQEIFSEVRALQEPAIVFFDEFDSIAKRRGEGGNDGSDRVVGRILTEVDNVGLNIEGVLIVAATNRPHDVDPALRPGRFDSELRLSC	YB7A_SCHPO/529-659	VLLWGPPGCGKTLLAKAVANESKANFISIRGPELLNKYVGESERAVRQVFLRARASS-PCVIFFDELDAMVPRRDDSLSEASSRVVNTLLTELDGLSDRSG-VYVIAATNRPDIIDPAMLRGRLDKTLLVD-	134.5	263.45909698015817	0.5075757575757576	0.8560606060606061	0.45454545454545453	0.946969696969697	0.696969696969697
seq182	VLLHGPPGTGKTLTAKAAANEAGAPFFSISAADLATKWIGESERRIRELFRTARDLGRPAMVFFDEIDAVGASRYLPGRTEGNSVLGAFLSQMDGLNVDGIKMTVLGATNRPERLDPALRPRRFDREIDISP	A0A0F7WVL8_CHLPN/53-178	-LFFGPPGLGKTSLAHIVAYTVGKGLVLASGPQLI------KPSDLLGLLTSLQEG---DVFFIDEIHRMGKVA-----------EEYLYSAMEDFKVDLAPFTLVGATTRSGMLSEPLR-TRFAFSA----	134.2	266.3794314774517	0.5	0.8560606060606061	0.44696969696969696	0.9242424242424242	0.7348484848484849
seq149	MILHGPPGCGKTSLGKAAATAANLHFMSVIGSEMVDKWVGEGASYMRRAFEKATTNGVGCILFFDEIDSVMGKRDSTTDAQKERVLTQILTWMQDKEYNLNEVVVIAATNLIDVLDPALRGGRFDKELVVTM	RFCL_ARCFU/39-166	LLLAGPPGVGKTSLALALANTMGWEAVELNASDQRSWI--VGEGAFNETISDEGEFLKLKLIILDEVDNIHKKE-------DVGGEAALIRLIKRKPA----QPLILIANDPYKLSPELR-NLCEMIN----	133.7	231.5624697501598	0.5303030303030303	0.8712121212121212	0.5	0.9318181818181818	0.7348484848484849
seq35	MLLSGAPGTGKTLSARALAGECNAIFVSVSASSMMSMWRGETEKNIRKLFDKVRRLGRPTLIFIDEFDALGKRRENGGGDALSRVVGQLLTDMDGFESLPAGVMIVAATNRADQIDPAFRPGRLDKYFQFSC	O77313_PLAF7/290-432	MILYGPPGTGKTLIARQIGKTLNREPKIINGPEILNKYVGQSEENIRNLFKDAEMEYSLHIIILDEIDAICRQRGSSSTGVNDSVVNQLLSKIDGVNSL-NNILLIGMTNRIDLIDEALLRGRFELHIEIS-	133.3	252.18325056493285	0.49242424242424243	0.8712121212121212	0.49242424242424243	0.9242424242424242	0.6893939393939394
seq180	VLFHGPPGTGKTALGRALAAEAGATFFSISAADFATKWISESERSIRELFRTAADLDRPAVVFMDEIDGLGASRTDRSRTEGNSTKTQLLSQMDGVNQDFGKMLILGATNRPEALDPALRAGRLDHEVDITC	RUVB_PSEAE/59-184	-LIFGPPGLGKTTLANIIAQEMGVSIKSTSGPVLE------RPGDLAALLTNLEAG---DVLFVDEIHRLSPIV-----------EEVLYPAMEDFQLDLPPFTLVGATTRAGMLTNPLR-DRFGIVQRL--	133.3	259.61709972736475	0.5227272727272727	0.8560606060606061	0.5	0.9166666666666666	0.7348484848484849
seq30	MLLLGPPGTGKTLIGNAVAGKTDRIFFNVSASEFLSKYLGESERHVRAIFDTAKLFGAKAFIFIDEIDALSMSREGSEREAEKRVVGQLLAELDASDHAFSNVVVIGATNRAMDLDPALRPGRFDKHIECIW	AFG2H_CAEEL/496-627	ILLYGPPGCSKTLIARALASEAKMNFLAVKGPELFSKWVGDSEKAIRDLFSRARQVA-PTIVFFDEIDAVGSSRSEKSSGVSDRVLAQLLTELDGLEKS-SRVILLAATNRPDQLDSALLRGRLDRAIYVG-	133.1	256.5082868205582	0.5	0.8787878787878788	0.4621212121212121	0.9242424242424242	0.6818181818181818
seq9	MILYGPPGCGKTMIANAIAHNVGRNFISIDGPSLLNKYTGESEKNIAEVFKDAMDKKSEYILFFDEIESVAKKRKQSIQFDDGALTRALLQMLKGFDPAAQGVMVIAATNNIDSIDPALRPRRFDARANLRK	KTNA1_CAEEL/229-361	MVLAGPPGTGKTLIARAIASESSSTFFTVSSTDLSSKWRGDSEKIVRLLFELARFYA-PSIIFIDEIDTLGGQRNSGEHEASRRVKSEFLVQMDGSQNKSRRVFVLAATNIPWELDEALR-RRFEKRIFIPL	133.1	222.9337583748773	0.5606060606060606	0.8636363636363636	0.5303030303030303	0.9318181818181818	0.696969696969697
seq19	MLLTGPPGTGKTLTAKAIATNAGLTFFSVSGPSIASKFMGESEKNIRQLFAAARHLHAPSIVFIDELDALGRGRSSGVIDSTERMKNQIMTELDGISAGNRSCQVIGVTNRVDMLDRALVDRRLRVTLSYGW	MSP1_CAEEL/120-249	ILLYGPPGCGKTLLAKAVARAAGCRFINLQVSNLTDKWYGESQKLAAAVFSVAQKFQ-PTIIFIDEIDSFLRDRQSHDHESTAMMKAQFMTLWDGFSSSGDQIIVMGATNRPRDVDAAIL-RRMTARFQVP-	133.0	245.45577718109965	0.5227272727272727	0.8636363636363636	0.5	0.9318181818181818	0.6893939393939394
seq179	MLFHGPPGVGKTSLGRAAAAEAGATFFSISAADIATKWISDSERSIRELFSTAAALDRPAVVFLDEMDGLAASRTDRSRTEGNRTKTQLLSEMDGVRQDFGKMLVVGATNRPEALDPALRAGRLDHEVDITC	RUVB_HELPY/56-181	MLFFGPPGLGKTSISHIIAKEMETNIKITAAPMIE------KSGDLAAILTNLQAK---DILFIDEIHRLSPAI-----------EEVLYPAMEDFRLDLPPFTLIGATTRAGMLSNPLR-DRFGMSFRM--	132.9	257.0908326870028	0.5454545454545454	0.8636363636363636	0.48484848484848486	0.9318181818181818	0.7348484848484849
seq181	VLLHGPPGTGKTALGKALAAEAGAPFFSIKAADFATKWISESERSIRELFRTAADLDRPAVVFMDEIDGLGASRDLRGRTEGNSVLGALLSQMDGMNQDFDKMLIIGATNRPEALDPALRPGRLDREVDITP	RUVB_MYCLE/60-185	ILLSGPPGLGKTSLAMIIAAELGSSLRMTSGPALE------RAGDLAVMLSNLVEH---DVLFIDEIHRIARPA-----------EEMLYLAMEDFRVDVAPFTLVGATTRSGALTGPLR-DRFGFT-----	132.9	258.56931186964977	0.5075757575757576	0.8484848484848485	0.49242424242424243	0.9242424242424242	0.7348484848484849
seq45	MLILGPPGTGKTLLARAVAHYSKLPFISLSASEIFHKWPGEGERNVREIFARAVELSEKCIVFIDEIDAIARRRGAGHEAVAKRVVGTLMTEMDDWELGVHGIKVVAATNRPHLVDAALRPGRLDHELPVGW	PEX1_SCHPO/643-773	ILLFGYPGCGKTYLASAISSTFPVQFISIKGPELLDKYIGKSEQGVRDLFSRAQMAK-PCVLFFDEFDSVAPRRGQDSTGVTDRVVNQILTQMDGAESLDG-VYIVAATTRPDMIDPALLRGRLDKLIFCD-	132.3	252.90786254763097	0.49242424242424243	0.8484848484848485	0.48484848484848486	0.9318181818181818	0.6742424242424242
seq90	MLLYGPPGVGKSHFAEAACNEGDVMFVKMSPSSLVSKWVGESERNLRNLFDNAAEMKGKIVIFLDEMDSIGAKRSGDDASRAAQVVTQMLVEMDGVDRDLGRVLVIGATNRTDALDDAIRMGRFMRQLWLST	FTSH_MYCPN/264-397	VILYGPPGTGKTLLAKAVAGEAGVPFFQSTGSGFEDMLVGVGAKRVRDLFNKAKKAA-PCIIFIDEIDSVGSKRELSSYSVVEQTLNQLLAEMDGFTSRTG-VVVMAATNRLDVLDDALLRGRFDRHIQIN-	132.3	232.02112955091906	0.5227272727272727	0.8409090909090909	0.5227272727272727	0.9318181818181818	0.7196969696969697
seq18	MILFGRPGSSKTMTAKAIATHSQATFHAIKGPELVDKYMGESEKNIRLLFDKAAEHHRPSIIFFDEIDAIASRRSSDSIGIEERVKNQILVEMDGFEKSQHPVVVLGATCKPHEIDEALIPGRFQRKLHLKW	O81286_ARATH/107-238	ILLFGPPGTGKTMLAKAVATEAGANFINISMSSITSKWFGEGEKYVKAVFSLASKIA-PSVIFVDEVDSMLGRRNPGEHEAMRKMKNEFMVNWDGLRTKRERVLVLAATNRPFDLDEAVI-RRLPRRLMV--	132.2	254.2272061579739	0.49242424242424243	0.8939393939393939	0.4696969696969697	0.9318181818181818	0.7121212121212122
seq39	MLFSGAPGTGKTLSARALAHESGANFMSMVGSDLMSMWLGESEKNVRKVFSKVRKLPSPTIIFFDEIDALGKKREAAGGDAGDRVVGQLLTDIDGFGSLIAGVMIVAASNRADAVDDAFRPGRLEREVYFSC	NSF_MOUSE/256-397	ILLYGPPGCGKTLLARQIGKMLNREPKVVNGPEILNKYVGESEANIRKLFADAEEEQGLHIIIFDEIDAICKQRMAGSTGVHDTVVNQLLSKIDGVEQL-NNILVIGMTNRPDLIDEALLRGRLEVKMEIG-	131.5	257.12006585108946	0.5	0.8560606060606061	0.4772727272727273	0.9393939393939394	0.6742424242424242
seq38	MMLSGAPGTGKTLSARALATECKANFMSMVGSDIMSMWLGESEKNVRKLFSKVRKLPSPTIIFIDELDALGKRREASGGDAGDRVVGQLLTDIDGFGSLIAGVMIVAASNRADAVDPAFRPGRLEKYFYFSC	O96393_STRPU/260-401	ILLFGPPGTGKTLMARTIGKMLNREPQIINGPEILNKFVGESEANIRKLFAAAEDEQGLHIIIFDEIDAICKQRMSGSTGVHDTVVNQLLSKIDGVEQL-NNVLLIGMTNRKDLIDDALLRGRLEVQMEIG-	131.0	252.18188869761195	0.5227272727272727	0.8712121212121212	0.49242424242424243	0.9242424242424242	0.6893939393939394
seq37	MMLSGAPGTGKTLSARALAGECNANFMSMVGSDIMSMWRGESEKNVRKLFSKVRELGRKTLIFIDELDALGKRREAGGGDANDRVVGQLLTDIDGFGSLPAGVMIVAATNRADQVDPAFRPGRLDKYFYFSC	O46136_DORPE/113-254	ILLFGPPGTGKTLIARKIGKMLNTEPKIVNGPQILDKYVGESEANIRKLFADAEEEEKLHIIIFDEIDAICKQRVGGGTGVHDTVVNQLLTKIDGVEQL-NNILVIGMTNRRDLIDDALTRGRMEVQMEIG-	130.9	247.91201093566573	0.5151515151515151	0.8787878787878788	0.48484848484848486	0.9393939393939394	0.6893939393939394
seq46	MLILGPPGCGKTLLARALAGESSLPFIMLSASEISHRWPGEGPRRVREVFAEAVKLGGPCIVFIDEVDAITRRRGAGDEAVAKRIVGQLMTVMDDGELGVHGIMVVAATNRVHTLDPALRPGRLDHELPVTW	PEX1_PICPA/836-966	ILLYGYPGCGKTLLASAVAAQCGLNFISIKGPEILNKYIGPSEQSVRELFERAQAAK-PCILFFDEFDSIAPKRGHDSTGVTDRVVNQMLTQMDGAEGLDG-VYVLAATSRPDLIDSALLRGRLDKSV----	130.9	248.05152557062885	0.5151515151515151	0.8560606060606061	0.49242424242424243	0.9242424242424242	0.7045454545454546
seq44	MLMHGPPGTGKTLLARAIAHESGLPFISLSASTIFHKWPGEGERNVREIFQRAVELSEDAIVFVDEIDAIARRRGDGHEAVEKRVVGQLLTEMDDWALGMHGIKVVAATNRPHLVDLALRPGRLDHCLPVGW	PEX1_HUMAN/877-1007	ILLYGPPGTGKTLLAGVIARESRMNFISVKGPELLSKYIGASEQAVRDIFIRAQAAK-PCILFFDEFESIAPRRGHDNTGVTDRVVNQLLTQLDGVEGLQG-VYVLAATSRPDLIDPALLRGRLDKCVYC--	129.7	256.9197372914907	0.48484848484848486	0.8560606060606061	0.4772727272727273	0.9242424242424242	0.6742424242424242
seq21	MLFVGPPGCGKTLGAKALANSKGLALVNVRKSELFSKWVGESAQNVRRIFVEARTMNRNVLVFFDELDGIVQSRGSGNEMHGTATVNTLLIELDNLDSGSSNFIIVAATNRPDQLDPAILYRRFDKRITLSG	O28983_ARCFU/138-267	VLFYGPPGTGKTMMAKALSNEAKTPFLSVKSTKLIGEHVGDGARRVHELYERARQLA-PCIVFLDEFDAIALDRYQEIRGDVSEIVNALLTELDGTNSNEG-ICTIAATNRVELLDASIR-SRFEEEIEFR-	127.5	241.16305647454013	0.5454545454545454	0.8560606060606061	0.5227272727272727	0.9318181818181818	0.7348484848484849
seq97	NLLYGPPGTGKTMLAKAVANSCGSKLLTMDANKMGSKFFGEIERQMRIAFRNAKAGILAGVIFLDEVDAISHKRVQGNAGAGARVVNTLLTELDHMENKINPMVVIGATNYPWQVDKAITTRRLDRRVSVRW	FTSH_MYCLE/199-332	VLLYGPPGTGKTLLARAVAGEAGVPFFTISGSDFVEMFVGVGASRVRDLFDQAKQNS-PCIIFVDEIDAVGRQRLGGGHDEREQTLNQLLVEMDGFGDRAG-VILIAATNRPDILDPALLRGRFDRQIPVS-	126.6	220.9398746546931	0.5378787878787878	0.8712121212121212	0.49242424242424243	0.9318181818181818	0.7651515151515151
seq36	MMLSGAPGTGKTLSARALAGECNAIFLSVKSSDLMSMWRGESEKNIRKLFAKVRELGRATLIFIDEFDALGKRREAGGGDALDRVVGQLLTDMDGFGSLPAGVMIVAATNRADQVDPAFRPGRLDKYFQFSC	Q40495_TOBAC/252-393	MLLYGPPGTGKTLMARQIGKMLNKEPKIVNGPEVLSKFVGETEKNVRDLFADAEQDQELHVIIFDEIDAICKSRTRDGTGVHDSIVNQLLTKIDGVESL-NNVLLIGMTNRKDLLDEALMRGRLEVQVEIS-	126.2	249.81496364157599	0.5075757575757576	0.8863636363636364	0.49242424242424243	0.946969696969697	0.6893939393939394
seq1	MLLTGPPGTGKTFSARAVANELGKEFYDITASDFYAKYYGETERNFKKIFEKASKLRGIAIVLFDEVDTIVGKRRGLEEEENKRLVGAFLTEMDRFQCTYSNAIIVLTTNKIDKIDYAIRGGRVDAKINFQA	PCH2_HUMAN/175-321	VLLHGPPGTGKTSLCKALAQKLTIRLIEINSHSLFSKWFSESGKLVTKMFQKIQDLIALVFVLIDEVESLTAARAGTEPSDAIRVVNAVLTQIDQIKRH-SNVVILTTSNITEKIDVAFV-DRADIKQYIG-	125.0	223.44402068509558	0.5833333333333334	0.8712121212121212	0.5606060606060606	0.9393939393939394	0.7196969696969697
seq99	NLLYGPPGTGKTMLAKAMASECGSKLLTTSANQMLSKFFGEIENQMREAFKNAKAGILAGMLFLDEVDAISGKRVSGSAGVGARVVNTLLTELDHMDNTILPVVVIGATNYPDQVDKALTTRRLDRRSSCRW	FTSH_LACLA/229-363	VLLEGPPGTGKTLLAKAVAGEAGVPFYSISGSDFVEMFVGVGASRVRDLFENAKKTA-PSIIFIDEIDAVGRQRLGGGNDEREQTLNQLLVEMDGFQDDGNSVIVIAATNRSDVLDPALLRGRFDRKVLV--	123.6	222.8773897646843	0.5303030303030303	0.8787878787878788	0.5227272727272727	0.9242424242424242	0.7348484848484849
seq98	NLLYGPPGTGKTMLAKAMANECGSKLLTMSANKMLSKFFGEIENQMRIAFRNAKAGILAGMIFLDEVDALSGKRVQGNAGAGARVVNTLLTELDHMENKILPMVVIGATNYPDQVDKALTTRRLDRRSSCRW	O51729_BORBU/208-341	VLLVGSPGTGKTLLAKAVAGEAGVSFFHMSGSDFVEMFVGVGASRVRDLFDNARKNS-PCIIFIDELDAVGRSRLGGGHDEREQTLNQLLVEMDGFGTH-TNVIVMAATNRPDVLDSALLRGRFDRQVTVS-	123.2	214.0141597917432	0.5378787878787878	0.8712121212121212	0.5151515151515151	0.9318181818181818	0.7348484848484849
seq10	MLLTGPPGCSKTWAAKAVAGEANASFISLDVSTLWSQLVGESEKKVAARFKEAMELGSKAIIFLDEIDSVAKKRNAGNQDDNDATKRALLQMMDSADPQGQHVLCMAATNLVDSVDPALKPGRFDHAYNFEL	KTNA1_STRPU/270-406	VLMVGPPGTGKTMLAKAVATECGTTFFNVSSASLTSKYHGESEKLVRLLFEMARFYA-PSTIFIDEIDSICSKRTGSEHEASRRVKSELLIQMDGVSGPSKMVMVLAATNFPWDIDEALR-RRLEKRIYIPL	122.5	214.7320566937644	0.5606060606060606	0.8712121212121212	0.5303030303030303	0.9318181818181818	0.696969696969697
seq101	NLLYGPPGVGKTQLALAIASECGSSFLTVSASKMLSKFFGETENQIREVFKNAQQGIMVVMLFLDEVDALSGNRVSEAAVVGARVVNTLLTELDHYDDTILPTFVIAATNNPDQIDIALRTRRFLRRSRCRF	AFG3_YEAST/324-459	-ILSGPPGTGKTLLAKATAGEANVPFLSVSGSEFVEMFVGVGASRVRDLFTQARSMA-PSIIFIDEIDAIGKERLGGANDEREATLNQLLVEMDGFTTSDQ-VVVLAGTNRPDVLDNALMRGRFDRHIQID-	121.6	221.98088675017556	0.5378787878787878	0.8560606060606061	0.5227272727272727	0.9242424242424242	0.7121212121212122
seq0	MLLYGPPGTGKTFSARAVANELGLEFYDITASDFSAKYYGETEKNFKAIFEKASKLRGIAIVLFDDVDTIVGKRRGLEGEYNKRLVGAFLTEMDRFDCTYSNAIIFLTTNKIDKIDYAITGGRVDAKIEFQA	PCH2_YEAST/310-467	LLVHGPPGTGKTTLCKALCQKLSVRIIELSCARIFSKWFGESSKNISIVFKDIEELLGIICLLIDEVEAIASSRSRNESTDGIRVVNTLLTQLDRLKKY-HNFLALATSNLLDSLDDAFV-DRADGVFYVG-	121.4	222.99785960465562	0.5757575757575758	0.8712121212121212	0.5606060606060606	0.946969696969697	0.7348484848484849
seq100	NLLYGPPGVGKTTLALACASECGSSLLTTSASKMLSKFFGETENQIRELFKNAQQGILAGMLFLDEVDAISGKRVSGAAGVGARVVNTLLTELDHYDNTILPTFVIGATNLPDQVDEALTTRRFLRRSSCRF	FTSH3_ARATH/358-491	-LLVGPPGTGKTLLAKATAGESGVPFLSISGSDFMEMFVGVGPSRVRHLFQEARQAA-PSIIFIDEIDAIGRARGLGGNDERESTLNQLLVEMDGFGTT-AGVVVLAGTNRPDILDKALLRGRFDRQITID-	120.1	220.13087030359213	0.5454545454545454	0.8712121212121212	0.5378787878787878	0.9242424242424242	0.7272727272727273
seq7	MLLHGPPGTGKTSLARAIAGNEKRNLEFLDGPSCLNKWIGETEKNIGKLLKEAMDKGSEYILFFDEIDAVAKKREQSSGNIDQATTRIFVNMIKAIRIAAQNVAVIAATNNIHLIDPALRPRRFEAEFNFAG	VPS4_YEAST/169-298	ILLYGPPGTGKSYLAKAVATEANSTFFSVSSSDLVSKWMGESEKLVKQLFAMARENK-PSIIFIDEVDALTGTRGEGESEASRRIKTELLVQMNGVGNDSQGVLVLGATNIPWQLDSAIR-RRFERRIYIPL	117.6	202.07823804124735	0.5984848484848485	0.8939393939393939	0.5757575757575758	0.9393939393939394	0.7196969696969697
seq8	MILYGPPGTGKTMLARAIAHNEKRNLSFINGPSCLNKWIGESEKNIAKKLKEAMDKGSEYILFFDEIDDVAKKREQSISFDDQATTRIFDNMIKAIDPNAQNFAVIAATNNIHLIDPALRPRRFEAEFNVRP	VPS4_SCHPO/165-294	ILLYGPPGTGKSYLAKAVATEAGSTFFSISSSDLVSKWMGESERLVRQLFEMAREQK-PSIIFIDEIDSLCGSRSEGESESSRRIKTEFLVQMNGVGKDESGVLVLGATNIPWTLDSAIR-RRFEKRIYIPL	117.5	196.98566244738439	0.5984848484848485	0.8939393939393939	0.5757575757575758	0.9393939393939394	0.7272727272727273
seq94	MLLAGGPGCGKTHLVKAACNRLKAELMKMDRSALCSKWIGESARNLRNDFDNSYTYGKKCIVFFDELDSIAKERHGDDANAAHEVVNQTLSQLDGYYRDINQLLVIGATNRPSAVDDALLHRRMERVCGWAR	O76867_DROME/377-513	-LLLGPPGCGKTLLAKAVATEAQVPFLSMNGSEFIEMIGGLGAARVRDLFKEGKKRA-PCIIYIDEIDAIGRQRGQGSSGESEQTLNQLLVEMDGMATKEG-VLMLASTNRADILDKALLRGRFDRHILID-	115.8	198.30578644067327	0.5833333333333334	0.8484848484848485	0.5606060606060606	0.9242424242424242	0.7575757575757576
seq2	MLFTGPPGTGKTFSARAIANEMQREFIDITATDLYAKYYGETEKNFNKILAKIQEQGGKSIVFFNEADGILGKRKGLEEEVNKRLMDFFITEMDRYQCTYSSELIVLTTNRIEQIDAALRPGRIDAKFNFKA	PCH2_CAEEL/175-321	ILLTGPPGTGKTSLCKGLAQHLSIRMLEINSHSLFSKWFSESGKLVQKMFDQIDELAKCVFVLIDEVESLGMCRSRSEPSDAIRAVNALLTQIDRIRRRDN-VLILCTSNLESTLDKALV-DRADIVKNV--	115.7	202.91046954577314	0.6136363636363636	0.8863636363636364	0.5909090909090909	0.9545454545454546	0.7348484848484849
seq3	MLFTGPPGTGKTFSARAIANEMQYNFIKITGSSLKHKYLGETEKNFKKILAKIFEKGGRSIILFNEADGILGKRKGLDEETKKRLMQFFISEIDQYQCAYFSERIILTTNRIDLIDAALRPGRIDTIYNFKM	O81459_ARATH/291-420	VLFEGPPGTGKTSCARVIANQAGIPLLYVPLEAVMSKYYGESERLLGAVFSQANELPDGAIIFLDEIDAFAISRDSEMHEATRRVLSVLLRQIDGFEQE-KKVVVIAATNRKQDLDPALI-SRFDSMIMFD-	111.0	202.2085510359514	0.6212121212121212	0.8787878787878788	0.5909090909090909	0.9393939393939394	0.75
seq96	MLLAGGPGCGKTHLVEAVSNRLGATLMKMDISALYSRFFGETARNLRNDFDNSYTYIRPCIVFFDELDAIGKKRVGTDANADHRVVNQTLIQLDHYDRKINGVLVIAATNRPWAVDDALRAGRMESGWGWSR	FTSI1_ARATH/466-606	VLLEGPPGCGKTLVAKAIAGEAGVPFYQMAGSEFVEVLVGVGSARIRDLFKRAKVNK-PSVIFIDEIDALATRRYNAATQERETTLNQLLIELDGFDTGKG-VIFLGATNRRDLLDPALLRGRFDRKIRV--	110.2	208.18958505212555	0.6060606060606061	0.8560606060606061	0.553030303030303	0.9242424242424242	0.7272727272727273
seq5	MLFTGPPGCGKTKLARAIAGEMGFPLIEITGSSLKHKWLGETEANAKALLADIFEFPERSMLLIDEFDGVFSKRSGGEDQTKTRLMAFFLKEIDQYQCNYYPIPIIMTTNREESWDAAIRPGRINTVVEFDM	VPS4_ARATH/168-298	-LLYGPPGTGKSYLAKAVATEADSTFFSVSSSDLVSKWMGESEKLVSNLFEMARESA-PSIIFVDEIDSLCGTREGNESEASRRIKTELLVQMQGVGHNDEKVLVLAATNTPYALDQAIR-RRFDKRIYIPL	108.3	201.02258717382816	0.6363636363636364	0.8712121212121212	0.6060606060606061	0.9393939393939394	0.7348484848484849
seq6	ALFTGPPGCGKTKLARAIAGEMGFPLIEITGASLKSKWLGESEANAKAALADIFEFPERSMLLIDELDGVFSKRSGNEGRTGSRLKAEFIAELDQYQCNYYPIPIIMTTNREESIDAAIRPGRINTVVEFDM	H2NWH7_PONAB/170-300	ILLFGPPGTGKSYLAKAVATEANSTFFSISSSDLVSKWLGESEKLVKNLFQLARENK-PSIIFIDEIDSLCGSRSENESEAARRIKTEFLVQMQGVGVDNDGILVLGATNIPWVLDSAIR-RRFEKRIYIPL	107.9	203.6860540469627	0.6439393939393939	0.8787878787878788	0.6060606060606061	0.9318181818181818	0.7348484848484849
seq95	MLLAGGPGCGKTHLVKAASNRLGATLMKMDTSALYSRFFGESARNLRNDFDNSYTYIRKCIVFFDELDSIGKKRVGDDANADHRVVNQTLIQLDHYYRDINGVLVIAATNRPSAVDDALLAGRMERGCGWSR	SPG7_HUMAN/345-479	-LLLGPPGCGKTLLAKAVATEAQVPFLAMAGPEFVEVIGGLGAARVRSLFKEARARA-PCIVYIDEIDAVGKKRSGFSNTEEEQTLNQLLVEMDGMGTTDH-VIVLASTNRADILDGALMRGRLDRHVFID-	105.9	202.3168554752969	0.5833333333333334	0.8560606060606061	0.553030303030303	0.9242424242424242	0.75
seq4	MMFTGPAGTGKTKSARAIAGEMSFQFIKITGSSLKHKYLGETEKNAKALLAKIFEFGERSILLFNEFDGLFGKRSGLDEGTKRRLMAFFIKELDQYDCNYYSIPIIFTTNHIDLWDAALRPGRIDTIVNFDM	O59026_PYRHO/124-252	ILLFGPPGTGKSLLASATANSLNATFFSVKASDLLSKYFGESSKLVSALFSLARQLS-PSVIFIDEVDSLTMKR-SSLDDAARRMIGTLLAEIDGFKDKRRKVIVLTATNTPWDLDEAML-SRLPIRIYVPL	98.4	194.9888423051198	0.6515151515151515	0.8712121212121212	0.5984848484848485	0.9242424242424242	0.7651515151515151
